-- phpMyAdmin SQL Dump
-- version 3.2.3
-- http://www.phpmyadmin.net
--
-- Host: localhost
-- Generation Time: Oct 17, 2012 at 10:22 PM
-- Server version: 5.1.40
-- PHP Version: 5.2.12

SET SQL_MODE="NO_AUTO_VALUE_ON_ZERO";


/*!40101 SET @OLD_CHARACTER_SET_CLIENT=@@CHARACTER_SET_CLIENT */;
/*!40101 SET @OLD_CHARACTER_SET_RESULTS=@@CHARACTER_SET_RESULTS */;
/*!40101 SET @OLD_COLLATION_CONNECTION=@@COLLATION_CONNECTION */;
/*!40101 SET NAMES utf8 */;

--
-- Database: `ishop`
--

-- --------------------------------------------------------

--
-- Table structure for table `brands`
--

CREATE TABLE IF NOT EXISTS `brands` (
  `brand_id` tinyint(3) unsigned NOT NULL AUTO_INCREMENT,
  `brand_name` varchar(255) NOT NULL,
  `parent_id` tinyint(3) unsigned NOT NULL DEFAULT '0',
  PRIMARY KEY (`brand_id`)
) ENGINE=MyISAM  DEFAULT CHARSET=utf8 AUTO_INCREMENT=16 ;

--
-- Dumping data for table `brands`
--

INSERT INTO `brands` (`brand_id`, `brand_name`, `parent_id`) VALUES
(1, 'Alcatel', 0),
(2, 'Ericsson', 0),
(3, 'LG', 0),
(4, 'Слайдеры', 3),
(5, 'Сенсоры', 3),
(6, 'Раскладушки', 1),
(7, 'Моноблок', 3),
(8, 'Samsung', 0),
(9, 'Motorola', 0),
(10, 'NEC', 0),
(11, 'Nokia', 0),
(12, 'Panasonic', 0),
(13, '2 SIM-карты', 11),
(14, 'Моноблок', 11);

-- --------------------------------------------------------

--
-- Table structure for table `customers`
--

CREATE TABLE IF NOT EXISTS `customers` (
  `customer_id` int(10) unsigned NOT NULL AUTO_INCREMENT,
  `name` varchar(255) NOT NULL,
  `email` varchar(255) NOT NULL,
  `phone` varchar(255) NOT NULL,
  `address` varchar(255) NOT NULL,
  `login` varchar(20) CHARACTER SET utf8 COLLATE utf8_bin NOT NULL,
  `password` varchar(32) NOT NULL,
  PRIMARY KEY (`customer_id`)
) ENGINE=MyISAM  DEFAULT CHARSET=utf8 AUTO_INCREMENT=16 ;

--
-- Dumping data for table `customers`
--

INSERT INTO `customers` (`customer_id`, `name`, `email`, `phone`, `address`, `login`, `password`) VALUES
(1, 'Иванов Иван Иванович', '1@1.com', '111-111', 'city', 'user1', '202cb962ac59075b964b07152d234b70'),
(2, 'Петров Петр Петрович', '2@2.com', '222-222', 'city 2', 'User1', '202cb962ac59075b964b07152d234b70'),
(3, 'Сидоров Сидор Сидорович', '3@3.com', '333-333', 'city 3', 'user2', '202cb962ac59075b964b07152d234b70'),
(5, 'Хакер', '4@4.com', '444-444', 'city 4', 'user3', '202cb962ac59075b964b07152d234b70'),
(6, 'Пупкин Вася', '5@5.ru', '555-555', 'city 5', 'user4', '202cb962ac59075b964b07152d234b70'),
(12, 'Гость 1', 'guest@mail.ru', '111', 'Адрес гостя', '', ''),
(13, 'Гость 2', 'guest2@mail.ru', '222', 'Адрес гостя 2', '', ''),
(14, 'Петечкин Петя', '6@6.ru', '666-666', 'city 6', 'user5', '202cb962ac59075b964b07152d234b70'),
(15, 'Гость 3', 'guest3@mail.ru', '333', 'Адрес гостя 3', '', '');

-- --------------------------------------------------------

--
-- Table structure for table `dostavka`
--

CREATE TABLE IF NOT EXISTS `dostavka` (
  `dostavka_id` tinyint(3) unsigned NOT NULL AUTO_INCREMENT,
  `name` varchar(255) NOT NULL,
  PRIMARY KEY (`dostavka_id`)
) ENGINE=MyISAM  DEFAULT CHARSET=utf8 AUTO_INCREMENT=5 ;

--
-- Dumping data for table `dostavka`
--

INSERT INTO `dostavka` (`dostavka_id`, `name`) VALUES
(1, 'Пересылка по почте'),
(2, 'Курьером'),
(3, 'Самовывоз'),
(4, 'Другое, по согласованию с менеджером');

-- --------------------------------------------------------

--
-- Table structure for table `goods`
--

CREATE TABLE IF NOT EXISTS `goods` (
  `goods_id` int(10) unsigned NOT NULL AUTO_INCREMENT,
  `name` varchar(255) NOT NULL,
  `keywords` varchar(255) NOT NULL,
  `description` varchar(255) NOT NULL,
  `img` varchar(255) NOT NULL DEFAULT 'no_image.jpg',
  `goods_brandid` tinyint(3) unsigned NOT NULL,
  `anons` text NOT NULL,
  `content` text NOT NULL,
  `visible` enum('0','1') NOT NULL DEFAULT '1',
  `hits` enum('0','1') NOT NULL DEFAULT '0',
  `new` enum('0','1') NOT NULL DEFAULT '0',
  `sale` enum('0','1') NOT NULL DEFAULT '0',
  `price` float NOT NULL DEFAULT '0',
  `date` date NOT NULL,
  `img_slide` varchar(255) NOT NULL,
  PRIMARY KEY (`goods_id`),
  FULLTEXT KEY `name` (`name`)
) ENGINE=MyISAM  DEFAULT CHARSET=utf8 AUTO_INCREMENT=36 ;

--
-- Dumping data for table `goods`
--

INSERT INTO `goods` (`goods_id`, `name`, `keywords`, `description`, `img`, `goods_brandid`, `anons`, `content`, `visible`, `hits`, `new`, `sale`, `price`, `date`, `img_slide`) VALUES
(1, 'Alcatel OT890D', 'Ключевики', 'Описание', 'no_image.jpg', 6, '<p>Футуристичный смартфон Sony Xperia S под управлением ОС Android 2.3 Gingerbread с возможностью обновления до версии 4.0 Ice Cream Sandwich – первый из серии Xperia NXT, линейки смартфонов нового поколения.</p> \r\n\r\n<p>В нем объединились новейшие технологии и лучшие разработки Sony, достойный функционал и минималистичный дизайн.</p>', '<p>Футуристичный смартфон Sony Xperia S под управлением ОС Android 2.3 Gingerbread с возможностью обновления до версии 4.0 Ice Cream Sandwich – первый из серии Xperia NXT, линейки смартфонов нового поколения. В нем объединились новейшие технологии и лучшие разработки Sony, достойный функционал и минималистичный дизайн.</p> \r\n\r\n<p>Высокая производительность. Мощный двухъядерный процессор 1,5 ГГц Qualcomm Snapdragon MSM8260 гарантирует быстродействие любых игр и приложений.\r\nПревосходное качество изображения. 4,3-дюймовый HD 1280*720p экран Reality Display с технологией Mobile BRAVIA Engine обеспечивает потрясающие впечатления от просмотра изображений и видео с высоким разрешением.</p>\r\n\r\n<p>Удобство подключения к другим устройствам. Беспроводная связь на малых расстояниях (NFC) позволяет легко обмениваться информацией с другими пользователями и открывает доступ к многочисленным NFC-приложениям и услугам. Xperia S можно подключить к телевизору посредством Wi-Fi, DLNA, HDMI, а также использовать BRAVIA Sync для управления смартфоном с пульта ДУ телевизора.</p>', '1', '1', '0', '0', 5000, '2012-09-02', ''),
(2, 'Sony Xperia Acro S LT26W Black', 'Ключевики', 'Описание', 'phone-index.jpg', 2, '<p>Футуристичный смартфон Sony Xperia Acro S LT26W Black под управлением ОС Android 2.3 Gingerbread с возможностью обновления до версии 4.0 Ice Cream Sandwich – первый из серии Xperia NXT, линейки смартфонов нового поколения.</p> \r\n\r\n<p>В нем объединились новейшие технологии и лучшие разработки Sony, достойный функционал и минималистичный дизайн.</p>', '<p>Футуристичный смартфон Sony Xperia S под управлением ОС Android 2.3 Gingerbread с возможностью обновления до версии 4.0 Ice Cream Sandwich – первый из серии Xperia NXT, линейки смартфонов нового поколения. В нем объединились новейшие технологии и лучшие разработки Sony, достойный функционал и минималистичный дизайн.</p> \r\n\r\n<p>Высокая производительность. Мощный двухъядерный процессор 1,5 ГГц Qualcomm Snapdragon MSM8260 гарантирует быстродействие любых игр и приложений.\r\nПревосходное качество изображения. 4,3-дюймовый HD 1280*720p экран Reality Display с технологией Mobile BRAVIA Engine обеспечивает потрясающие впечатления от просмотра изображений и видео с высоким разрешением.</p>\r\n\r\n<p>Удобство подключения к другим устройствам. Беспроводная связь на малых расстояниях (NFC) позволяет легко обмениваться информацией с другими пользователями и открывает доступ к многочисленным NFC-приложениям и услугам. Xperia S можно подключить к телевизору посредством Wi-Fi, DLNA, HDMI, а также использовать BRAVIA Sync для управления смартфоном с пульта ДУ телевизора.</p>\r\n				\r\n				\r\n<div class="tech-harakt">\r\n					<h3>Технические характеристики</h3>\r\n\r\n<h4>Связь</h4>\r\n<ul>\r\n<li> - 3G  : Есть </li>\r\n<li> - EDGE  : Есть </li>\r\n<li> - Wi-Fi  : Есть (802.11 b/g/n)</li> \r\n</ul>\r\n\r\n<h4>Дисплей</h4>\r\n<ul>\r\n<li> - Тип дисплея  : TFT с LED подсветкой</li> \r\n<li> - Разрешение дисплея (пикс)  : 1280x720</li> \r\n<li> - Диагональ дисплея (дюйм)  : 4.3 </li>\r\n<li> - Сенсорный экран  : Есть </li>\r\n</ul>\r\n\r\n<h4>Система</h4>\r\n<ul>\r\n<li> - GPS-навигация  : Есть </li>\r\n<li> - Операционная система  : Android v2.3 </li>\r\n<li> - Частота проц. (МГц) : 1500 (Dual-core Qualcomm MSM8260 Snapdragon) </li>\r\n</ul>\r\n\r\n<h4>Мультимедиа</h4>\r\n<ul>\r\n<li> - Фотокамера : 12,1 Mпикс </li>\r\n<li> - Аудиоплеер : да </li>\r\n<li> - FM - радио : да </li>\r\n</ul>\r\n\r\n<h4>Корпус</h4>\r\n<ul>\r\n<li> - Тип корпуса : Классический </li>\r\n</ul>\r\n\r\n<h4>Память</h4>\r\n<ul>\r\n<li> - Встроенная память (Мб) : 32000</li>\r\n</ul>\r\n</div>', '1', '0', '1', '0', 10000, '2012-09-02', '2_1.jpg|2_2.jpg|2_3.jpg|2_4.jpg|2_5.jpg|2_6.jpg|2_7.jpg'),
(3, 'LG Optimus L5 dual sim E615 White', 'Ключевики', 'Описание', 'phone-index.jpg', 7, '<p>Футуристичный смартфон Sony Xperia S под управлением ОС Android 2.3 Gingerbread с возможностью обновления до версии 4.0 Ice Cream Sandwich – первый из серии Xperia NXT, линейки смартфонов нового поколения.</p> \r\n\r\n<p>В нем объединились новейшие технологии и лучшие разработки Sony, достойный функционал и минималистичный дизайн.</p>', '<p>Футуристичный смартфон Sony Xperia S под управлением ОС Android 2.3 Gingerbread с возможностью обновления до версии 4.0 Ice Cream Sandwich – первый из серии Xperia NXT, линейки смартфонов нового поколения. В нем объединились новейшие технологии и лучшие разработки Sony, достойный функционал и минималистичный дизайн.</p> \r\n\r\n<p>Высокая производительность. Мощный двухъядерный процессор 1,5 ГГц Qualcomm Snapdragon MSM8260 гарантирует быстродействие любых игр и приложений.\r\nПревосходное качество изображения. 4,3-дюймовый HD 1280*720p экран Reality Display с технологией Mobile BRAVIA Engine обеспечивает потрясающие впечатления от просмотра изображений и видео с высоким разрешением.</p>\r\n\r\n<p>Удобство подключения к другим устройствам. Беспроводная связь на малых расстояниях (NFC) позволяет легко обмениваться информацией с другими пользователями и открывает доступ к многочисленным NFC-приложениям и услугам. Xperia S можно подключить к телевизору посредством Wi-Fi, DLNA, HDMI, а также использовать BRAVIA Sync для управления смартфоном с пульта ДУ телевизора.</p>\r\n				\r\n				\r\n<div class="tech-harakt">\r\n					<h3>Технические характеристики</h3>\r\n\r\n<h4>Связь</h4>\r\n<ul>\r\n<li> - 3G  : Есть </li>\r\n<li> - EDGE  : Есть </li>\r\n<li> - Wi-Fi  : Есть (802.11 b/g/n)</li> \r\n</ul>\r\n\r\n<h4>Дисплей</h4>\r\n<ul>\r\n<li> - Тип дисплея  : TFT с LED подсветкой</li> \r\n<li> - Разрешение дисплея (пикс)  : 1280x720</li> \r\n<li> - Диагональ дисплея (дюйм)  : 4.3 </li>\r\n<li> - Сенсорный экран  : Есть </li>\r\n</ul>\r\n\r\n<h4>Система</h4>\r\n<ul>\r\n<li> - GPS-навигация  : Есть </li>\r\n<li> - Операционная система  : Android v2.3 </li>\r\n<li> - Частота проц. (МГц) : 1500 (Dual-core Qualcomm MSM8260 Snapdragon) </li>\r\n</ul>\r\n\r\n<h4>Мультимедиа</h4>\r\n<ul>\r\n<li> - Фотокамера : 12,1 Mпикс </li>\r\n<li> - Аудиоплеер : да </li>\r\n<li> - FM - радио : да </li>\r\n</ul>\r\n\r\n<h4>Корпус</h4>\r\n<ul>\r\n<li> - Тип корпуса : Классический </li>\r\n</ul>\r\n\r\n<h4>Память</h4>\r\n<ul>\r\n<li> - Встроенная память (Мб) : 32000</li>\r\n</ul>\r\n</div>', '1', '0', '0', '0', 12000, '2012-09-02', ''),
(4, 'LG Optimus L5 E612 Black', 'Ключевики', 'Описание', 'phone-index.jpg', 7, '<p>Футуристичный смартфон Sony Xperia S под управлением ОС Android 2.3 Gingerbread с возможностью обновления до версии 4.0 Ice Cream Sandwich – первый из серии Xperia NXT, линейки смартфонов нового поколения.</p> \r\n\r\n<p>В нем объединились новейшие технологии и лучшие разработки Sony, достойный функционал и минималистичный дизайн.</p>', '<p>Футуристичный смартфон Sony Xperia S под управлением ОС Android 2.3 Gingerbread с возможностью обновления до версии 4.0 Ice Cream Sandwich – первый из серии Xperia NXT, линейки смартфонов нового поколения. В нем объединились новейшие технологии и лучшие разработки Sony, достойный функционал и минималистичный дизайн.</p> \r\n\r\n<p>Высокая производительность. Мощный двухъядерный процессор 1,5 ГГц Qualcomm Snapdragon MSM8260 гарантирует быстродействие любых игр и приложений.\r\nПревосходное качество изображения. 4,3-дюймовый HD 1280*720p экран Reality Display с технологией Mobile BRAVIA Engine обеспечивает потрясающие впечатления от просмотра изображений и видео с высоким разрешением.</p>\r\n\r\n<p>Удобство подключения к другим устройствам. Беспроводная связь на малых расстояниях (NFC) позволяет легко обмениваться информацией с другими пользователями и открывает доступ к многочисленным NFC-приложениям и услугам. Xperia S можно подключить к телевизору посредством Wi-Fi, DLNA, HDMI, а также использовать BRAVIA Sync для управления смартфоном с пульта ДУ телевизора.</p>\r\n				\r\n				\r\n<div class="tech-harakt">\r\n					<h3>Технические характеристики</h3>\r\n\r\n<h4>Связь</h4>\r\n<ul>\r\n<li> - 3G  : Есть </li>\r\n<li> - EDGE  : Есть </li>\r\n<li> - Wi-Fi  : Есть (802.11 b/g/n)</li> \r\n</ul>\r\n\r\n<h4>Дисплей</h4>\r\n<ul>\r\n<li> - Тип дисплея  : TFT с LED подсветкой</li> \r\n<li> - Разрешение дисплея (пикс)  : 1280x720</li> \r\n<li> - Диагональ дисплея (дюйм)  : 4.3 </li>\r\n<li> - Сенсорный экран  : Есть </li>\r\n</ul>\r\n\r\n<h4>Система</h4>\r\n<ul>\r\n<li> - GPS-навигация  : Есть </li>\r\n<li> - Операционная система  : Android v2.3 </li>\r\n<li> - Частота проц. (МГц) : 1500 (Dual-core Qualcomm MSM8260 Snapdragon) </li>\r\n</ul>\r\n\r\n<h4>Мультимедиа</h4>\r\n<ul>\r\n<li> - Фотокамера : 12,1 Mпикс </li>\r\n<li> - Аудиоплеер : да </li>\r\n<li> - FM - радио : да </li>\r\n</ul>\r\n\r\n<h4>Корпус</h4>\r\n<ul>\r\n<li> - Тип корпуса : Классический </li>\r\n</ul>\r\n\r\n<h4>Память</h4>\r\n<ul>\r\n<li> - Встроенная память (Мб) : 32000</li>\r\n</ul>\r\n</div>', '1', '0', '1', '0', 13100, '2012-09-02', ''),
(5, 'LG P920 Optimus 3D', 'Ключевики', 'Описание', 'phone-index.jpg', 7, '<p>Футуристичный смартфон Sony Xperia S под управлением ОС Android 2.3 Gingerbread с возможностью обновления до версии 4.0 Ice Cream Sandwich – первый из серии Xperia NXT, линейки смартфонов нового поколения.</p> \r\n\r\n<p>В нем объединились новейшие технологии и лучшие разработки Sony, достойный функционал и минималистичный дизайн.</p>', '<p>Футуристичный смартфон Sony Xperia S под управлением ОС Android 2.3 Gingerbread с возможностью обновления до версии 4.0 Ice Cream Sandwich – первый из серии Xperia NXT, линейки смартфонов нового поколения. В нем объединились новейшие технологии и лучшие разработки Sony, достойный функционал и минималистичный дизайн.</p> \r\n\r\n<p>Высокая производительность. Мощный двухъядерный процессор 1,5 ГГц Qualcomm Snapdragon MSM8260 гарантирует быстродействие любых игр и приложений.\r\nПревосходное качество изображения. 4,3-дюймовый HD 1280*720p экран Reality Display с технологией Mobile BRAVIA Engine обеспечивает потрясающие впечатления от просмотра изображений и видео с высоким разрешением.</p>\r\n\r\n<p>Удобство подключения к другим устройствам. Беспроводная связь на малых расстояниях (NFC) позволяет легко обмениваться информацией с другими пользователями и открывает доступ к многочисленным NFC-приложениям и услугам. Xperia S можно подключить к телевизору посредством Wi-Fi, DLNA, HDMI, а также использовать BRAVIA Sync для управления смартфоном с пульта ДУ телевизора.</p>\r\n				\r\n				\r\n<div class="tech-harakt">\r\n					<h3>Технические характеристики</h3>\r\n\r\n<h4>Связь</h4>\r\n<ul>\r\n<li> - 3G  : Есть </li>\r\n<li> - EDGE  : Есть </li>\r\n<li> - Wi-Fi  : Есть (802.11 b/g/n)</li> \r\n</ul>\r\n\r\n<h4>Дисплей</h4>\r\n<ul>\r\n<li> - Тип дисплея  : TFT с LED подсветкой</li> \r\n<li> - Разрешение дисплея (пикс)  : 1280x720</li> \r\n<li> - Диагональ дисплея (дюйм)  : 4.3 </li>\r\n<li> - Сенсорный экран  : Есть </li>\r\n</ul>\r\n\r\n<h4>Система</h4>\r\n<ul>\r\n<li> - GPS-навигация  : Есть </li>\r\n<li> - Операционная система  : Android v2.3 </li>\r\n<li> - Частота проц. (МГц) : 1500 (Dual-core Qualcomm MSM8260 Snapdragon) </li>\r\n</ul>\r\n\r\n<h4>Мультимедиа</h4>\r\n<ul>\r\n<li> - Фотокамера : 12,1 Mпикс </li>\r\n<li> - Аудиоплеер : да </li>\r\n<li> - FM - радио : да </li>\r\n</ul>\r\n\r\n<h4>Корпус</h4>\r\n<ul>\r\n<li> - Тип корпуса : Классический </li>\r\n</ul>\r\n\r\n<h4>Память</h4>\r\n<ul>\r\n<li> - Встроенная память (Мб) : 32000</li>\r\n</ul>\r\n</div>', '1', '0', '0', '0', 15000, '2012-09-02', ''),
(6, 'Sony Xperia 32Gb (золотой)', 'Ключевики', 'Описание', 'phone-index.jpg', 2, '<p>Футуристичный смартфон Sony Xperia S под управлением ОС Android 2.3 Gingerbread с возможностью обновления до версии 4.0 Ice Cream Sandwich – первый из серии Xperia NXT, линейки смартфонов нового поколения.</p> \r\n\r\n<p>В нем объединились новейшие технологии и лучшие разработки Sony, достойный функционал и минималистичный дизайн.</p>', '<p>Футуристичный смартфон Sony Xperia S под управлением ОС Android 2.3 Gingerbread с возможностью обновления до версии 4.0 Ice Cream Sandwich – первый из серии Xperia NXT, линейки смартфонов нового поколения. В нем объединились новейшие технологии и лучшие разработки Sony, достойный функционал и минималистичный дизайн.</p> \r\n\r\n<p>Высокая производительность. Мощный двухъядерный процессор 1,5 ГГц Qualcomm Snapdragon MSM8260 гарантирует быстродействие любых игр и приложений.\r\nПревосходное качество изображения. 4,3-дюймовый HD 1280*720p экран Reality Display с технологией Mobile BRAVIA Engine обеспечивает потрясающие впечатления от просмотра изображений и видео с высоким разрешением.</p>\r\n\r\n<p>Удобство подключения к другим устройствам. Беспроводная связь на малых расстояниях (NFC) позволяет легко обмениваться информацией с другими пользователями и открывает доступ к многочисленным NFC-приложениям и услугам. Xperia S можно подключить к телевизору посредством Wi-Fi, DLNA, HDMI, а также использовать BRAVIA Sync для управления смартфоном с пульта ДУ телевизора.</p>\r\n				\r\n				\r\n<div class="tech-harakt">\r\n					<h3>Технические характеристики</h3>\r\n\r\n<h4>Связь</h4>\r\n<ul>\r\n<li> - 3G  : Есть </li>\r\n<li> - EDGE  : Есть </li>\r\n<li> - Wi-Fi  : Есть (802.11 b/g/n)</li> \r\n</ul>\r\n\r\n<h4>Дисплей</h4>\r\n<ul>\r\n<li> - Тип дисплея  : TFT с LED подсветкой</li> \r\n<li> - Разрешение дисплея (пикс)  : 1280x720</li> \r\n<li> - Диагональ дисплея (дюйм)  : 4.3 </li>\r\n<li> - Сенсорный экран  : Есть </li>\r\n</ul>\r\n\r\n<h4>Система</h4>\r\n<ul>\r\n<li> - GPS-навигация  : Есть </li>\r\n<li> - Операционная система  : Android v2.3 </li>\r\n<li> - Частота проц. (МГц) : 1500 (Dual-core Qualcomm MSM8260 Snapdragon) </li>\r\n</ul>\r\n\r\n<h4>Мультимедиа</h4>\r\n<ul>\r\n<li> - Фотокамера : 12,1 Mпикс </li>\r\n<li> - Аудиоплеер : да </li>\r\n<li> - FM - радио : да </li>\r\n</ul>\r\n\r\n<h4>Корпус</h4>\r\n<ul>\r\n<li> - Тип корпуса : Классический </li>\r\n</ul>\r\n\r\n<h4>Память</h4>\r\n<ul>\r\n<li> - Встроенная память (Мб) : 32000</li>\r\n</ul>\r\n</div>', '0', '0', '0', '0', 20000, '2012-09-02', ''),
(7, 'LG Optimus 4X HD P880', 'Ключевики', 'Описание', 'phone-index.jpg', 4, '<p>Футуристичный смартфон Sony Xperia S под управлением ОС Android 2.3 Gingerbread с возможностью обновления до версии 4.0 Ice Cream Sandwich – первый из серии Xperia NXT, линейки смартфонов нового поколения.</p> \r\n\r\n<p>В нем объединились новейшие технологии и лучшие разработки Sony, достойный функционал и минималистичный дизайн.</p>', '<p>Футуристичный смартфон Sony Xperia S под управлением ОС Android 2.3 Gingerbread с возможностью обновления до версии 4.0 Ice Cream Sandwich – первый из серии Xperia NXT, линейки смартфонов нового поколения. В нем объединились новейшие технологии и лучшие разработки Sony, достойный функционал и минималистичный дизайн.</p> \r\n\r\n<p>Высокая производительность. Мощный двухъядерный процессор 1,5 ГГц Qualcomm Snapdragon MSM8260 гарантирует быстродействие любых игр и приложений.\r\nПревосходное качество изображения. 4,3-дюймовый HD 1280*720p экран Reality Display с технологией Mobile BRAVIA Engine обеспечивает потрясающие впечатления от просмотра изображений и видео с высоким разрешением.</p>\r\n\r\n<p>Удобство подключения к другим устройствам. Беспроводная связь на малых расстояниях (NFC) позволяет легко обмениваться информацией с другими пользователями и открывает доступ к многочисленным NFC-приложениям и услугам. Xperia S можно подключить к телевизору посредством Wi-Fi, DLNA, HDMI, а также использовать BRAVIA Sync для управления смартфоном с пульта ДУ телевизора.</p>\r\n				\r\n				\r\n<div class="tech-harakt">\r\n					<h3>Технические характеристики</h3>\r\n\r\n<h4>Связь</h4>\r\n<ul>\r\n<li> - 3G  : Есть </li>\r\n<li> - EDGE  : Есть </li>\r\n<li> - Wi-Fi  : Есть (802.11 b/g/n)</li> \r\n</ul>\r\n\r\n<h4>Дисплей</h4>\r\n<ul>\r\n<li> - Тип дисплея  : TFT с LED подсветкой</li> \r\n<li> - Разрешение дисплея (пикс)  : 1280x720</li> \r\n<li> - Диагональ дисплея (дюйм)  : 4.3 </li>\r\n<li> - Сенсорный экран  : Есть </li>\r\n</ul>\r\n\r\n<h4>Система</h4>\r\n<ul>\r\n<li> - GPS-навигация  : Есть </li>\r\n<li> - Операционная система  : Android v2.3 </li>\r\n<li> - Частота проц. (МГц) : 1500 (Dual-core Qualcomm MSM8260 Snapdragon) </li>\r\n</ul>\r\n\r\n<h4>Мультимедиа</h4>\r\n<ul>\r\n<li> - Фотокамера : 12,1 Mпикс </li>\r\n<li> - Аудиоплеер : да </li>\r\n<li> - FM - радио : да </li>\r\n</ul>\r\n\r\n<h4>Корпус</h4>\r\n<ul>\r\n<li> - Тип корпуса : Классический </li>\r\n</ul>\r\n\r\n<h4>Память</h4>\r\n<ul>\r\n<li> - Встроенная память (Мб) : 32000</li>\r\n</ul>\r\n</div>', '1', '0', '0', '0', 17000, '2012-09-02', ''),
(8, 'Sony XperiaTipo Dual ST21i2 Black', 'Ключевики', 'Описание', 'phone-index.jpg', 2, '<p>Футуристичный смартфон Sony Xperia S под управлением ОС Android 2.3 Gingerbread с возможностью обновления до версии 4.0 Ice Cream Sandwich – первый из серии Xperia NXT, линейки смартфонов нового поколения.</p> \r\n\r\n<p>В нем объединились новейшие технологии и лучшие разработки Sony, достойный функционал и минималистичный дизайн.</p>', '<p>Футуристичный смартфон Sony Xperia S под управлением ОС Android 2.3 Gingerbread с возможностью обновления до версии 4.0 Ice Cream Sandwich – первый из серии Xperia NXT, линейки смартфонов нового поколения. В нем объединились новейшие технологии и лучшие разработки Sony, достойный функционал и минималистичный дизайн.</p> \r\n\r\n<p>Высокая производительность. Мощный двухъядерный процессор 1,5 ГГц Qualcomm Snapdragon MSM8260 гарантирует быстродействие любых игр и приложений.\r\nПревосходное качество изображения. 4,3-дюймовый HD 1280*720p экран Reality Display с технологией Mobile BRAVIA Engine обеспечивает потрясающие впечатления от просмотра изображений и видео с высоким разрешением.</p>\r\n\r\n<p>Удобство подключения к другим устройствам. Беспроводная связь на малых расстояниях (NFC) позволяет легко обмениваться информацией с другими пользователями и открывает доступ к многочисленным NFC-приложениям и услугам. Xperia S можно подключить к телевизору посредством Wi-Fi, DLNA, HDMI, а также использовать BRAVIA Sync для управления смартфоном с пульта ДУ телевизора.</p>\r\n				\r\n				\r\n<div class="tech-harakt">\r\n					<h3>Технические характеристики</h3>\r\n\r\n<h4>Связь</h4>\r\n<ul>\r\n<li> - 3G  : Есть </li>\r\n<li> - EDGE  : Есть </li>\r\n<li> - Wi-Fi  : Есть (802.11 b/g/n)</li> \r\n</ul>\r\n\r\n<h4>Дисплей</h4>\r\n<ul>\r\n<li> - Тип дисплея  : TFT с LED подсветкой</li> \r\n<li> - Разрешение дисплея (пикс)  : 1280x720</li> \r\n<li> - Диагональ дисплея (дюйм)  : 4.3 </li>\r\n<li> - Сенсорный экран  : Есть </li>\r\n</ul>\r\n\r\n<h4>Система</h4>\r\n<ul>\r\n<li> - GPS-навигация  : Есть </li>\r\n<li> - Операционная система  : Android v2.3 </li>\r\n<li> - Частота проц. (МГц) : 1500 (Dual-core Qualcomm MSM8260 Snapdragon) </li>\r\n</ul>\r\n\r\n<h4>Мультимедиа</h4>\r\n<ul>\r\n<li> - Фотокамера : 12,1 Mпикс </li>\r\n<li> - Аудиоплеер : да </li>\r\n<li> - FM - радио : да </li>\r\n</ul>\r\n\r\n<h4>Корпус</h4>\r\n<ul>\r\n<li> - Тип корпуса : Классический </li>\r\n</ul>\r\n\r\n<h4>Память</h4>\r\n<ul>\r\n<li> - Встроенная память (Мб) : 32000</li>\r\n</ul>\r\n</div>', '1', '0', '0', '0', 9000, '2012-09-02', ''),
(9, 'LG Fantasy E740', 'Ключевики', 'Описание', 'phone-index.jpg', 4, '<p>Футуристичный смартфон Sony Xperia S под управлением ОС Android 2.3 Gingerbread с возможностью обновления до версии 4.0 Ice Cream Sandwich – первый из серии Xperia NXT, линейки смартфонов нового поколения.</p> \r\n\r\n<p>В нем объединились новейшие технологии и лучшие разработки Sony, достойный функционал и минималистичный дизайн.</p>', '<p>Футуристичный смартфон Sony Xperia S под управлением ОС Android 2.3 Gingerbread с возможностью обновления до версии 4.0 Ice Cream Sandwich – первый из серии Xperia NXT, линейки смартфонов нового поколения. В нем объединились новейшие технологии и лучшие разработки Sony, достойный функционал и минималистичный дизайн.</p> \r\n\r\n<p>Высокая производительность. Мощный двухъядерный процессор 1,5 ГГц Qualcomm Snapdragon MSM8260 гарантирует быстродействие любых игр и приложений.\r\nПревосходное качество изображения. 4,3-дюймовый HD 1280*720p экран Reality Display с технологией Mobile BRAVIA Engine обеспечивает потрясающие впечатления от просмотра изображений и видео с высоким разрешением.</p>\r\n\r\n<p>Удобство подключения к другим устройствам. Беспроводная связь на малых расстояниях (NFC) позволяет легко обмениваться информацией с другими пользователями и открывает доступ к многочисленным NFC-приложениям и услугам. Xperia S можно подключить к телевизору посредством Wi-Fi, DLNA, HDMI, а также использовать BRAVIA Sync для управления смартфоном с пульта ДУ телевизора.</p>\r\n				\r\n				\r\n<div class="tech-harakt">\r\n					<h3>Технические характеристики</h3>\r\n\r\n<h4>Связь</h4>\r\n<ul>\r\n<li> - 3G  : Есть </li>\r\n<li> - EDGE  : Есть </li>\r\n<li> - Wi-Fi  : Есть (802.11 b/g/n)</li> \r\n</ul>\r\n\r\n<h4>Дисплей</h4>\r\n<ul>\r\n<li> - Тип дисплея  : TFT с LED подсветкой</li> \r\n<li> - Разрешение дисплея (пикс)  : 1280x720</li> \r\n<li> - Диагональ дисплея (дюйм)  : 4.3 </li>\r\n<li> - Сенсорный экран  : Есть </li>\r\n</ul>\r\n\r\n<h4>Система</h4>\r\n<ul>\r\n<li> - GPS-навигация  : Есть </li>\r\n<li> - Операционная система  : Android v2.3 </li>\r\n<li> - Частота проц. (МГц) : 1500 (Dual-core Qualcomm MSM8260 Snapdragon) </li>\r\n</ul>\r\n\r\n<h4>Мультимедиа</h4>\r\n<ul>\r\n<li> - Фотокамера : 12,1 Mпикс </li>\r\n<li> - Аудиоплеер : да </li>\r\n<li> - FM - радио : да </li>\r\n</ul>\r\n\r\n<h4>Корпус</h4>\r\n<ul>\r\n<li> - Тип корпуса : Классический </li>\r\n</ul>\r\n\r\n<h4>Память</h4>\r\n<ul>\r\n<li> - Встроенная память (Мб) : 32000</li>\r\n</ul>\r\n</div>', '1', '0', '0', '0', 7500, '2012-09-02', ''),
(10, 'Sony Xperia P LT22i Silver', 'Ключевики', 'Описание', 'phone-index.jpg', 2, '<p>Футуристичный смартфон Sony Xperia S под управлением ОС Android 2.3 Gingerbread с возможностью обновления до версии 4.0 Ice Cream Sandwich – первый из серии Xperia NXT, линейки смартфонов нового поколения.</p> \r\n\r\n<p>В нем объединились новейшие технологии и лучшие разработки Sony, достойный функционал и минималистичный дизайн.</p>', '<p>Футуристичный смартфон Sony Xperia S под управлением ОС Android 2.3 Gingerbread с возможностью обновления до версии 4.0 Ice Cream Sandwich – первый из серии Xperia NXT, линейки смартфонов нового поколения. В нем объединились новейшие технологии и лучшие разработки Sony, достойный функционал и минималистичный дизайн.</p> \r\n\r\n<p>Высокая производительность. Мощный двухъядерный процессор 1,5 ГГц Qualcomm Snapdragon MSM8260 гарантирует быстродействие любых игр и приложений.\r\nПревосходное качество изображения. 4,3-дюймовый HD 1280*720p экран Reality Display с технологией Mobile BRAVIA Engine обеспечивает потрясающие впечатления от просмотра изображений и видео с высоким разрешением.</p>\r\n\r\n<p>Удобство подключения к другим устройствам. Беспроводная связь на малых расстояниях (NFC) позволяет легко обмениваться информацией с другими пользователями и открывает доступ к многочисленным NFC-приложениям и услугам. Xperia S можно подключить к телевизору посредством Wi-Fi, DLNA, HDMI, а также использовать BRAVIA Sync для управления смартфоном с пульта ДУ телевизора.</p>\r\n				\r\n				\r\n<div class="tech-harakt">\r\n					<h3>Технические характеристики</h3>\r\n\r\n<h4>Связь</h4>\r\n<ul>\r\n<li> - 3G  : Есть </li>\r\n<li> - EDGE  : Есть </li>\r\n<li> - Wi-Fi  : Есть (802.11 b/g/n)</li> \r\n</ul>\r\n\r\n<h4>Дисплей</h4>\r\n<ul>\r\n<li> - Тип дисплея  : TFT с LED подсветкой</li> \r\n<li> - Разрешение дисплея (пикс)  : 1280x720</li> \r\n<li> - Диагональ дисплея (дюйм)  : 4.3 </li>\r\n<li> - Сенсорный экран  : Есть </li>\r\n</ul>\r\n\r\n<h4>Система</h4>\r\n<ul>\r\n<li> - GPS-навигация  : Есть </li>\r\n<li> - Операционная система  : Android v2.3 </li>\r\n<li> - Частота проц. (МГц) : 1500 (Dual-core Qualcomm MSM8260 Snapdragon) </li>\r\n</ul>\r\n\r\n<h4>Мультимедиа</h4>\r\n<ul>\r\n<li> - Фотокамера : 12,1 Mпикс </li>\r\n<li> - Аудиоплеер : да </li>\r\n<li> - FM - радио : да </li>\r\n</ul>\r\n\r\n<h4>Корпус</h4>\r\n<ul>\r\n<li> - Тип корпуса : Классический </li>\r\n</ul>\r\n\r\n<h4>Память</h4>\r\n<ul>\r\n<li> - Встроенная память (Мб) : 32000</li>\r\n</ul>\r\n</div>', '1', '1', '0', '0', 21000, '2012-09-02', ''),
(11, 'Nokia Lumia 610 Black', 'Ключевики', 'Описание', 'phone-index.jpg', 14, '<p>Футуристичный смартфон Sony Xperia S под управлением ОС Android 2.3 Gingerbread с возможностью обновления до версии 4.0 Ice Cream Sandwich – первый из серии Xperia NXT, линейки смартфонов нового поколения.</p> \r\n\r\n<p>В нем объединились новейшие технологии и лучшие разработки Sony, достойный функционал и минималистичный дизайн.</p>', '<p>Футуристичный смартфон Sony Xperia S под управлением ОС Android 2.3 Gingerbread с возможностью обновления до версии 4.0 Ice Cream Sandwich – первый из серии Xperia NXT, линейки смартфонов нового поколения. В нем объединились новейшие технологии и лучшие разработки Sony, достойный функционал и минималистичный дизайн.</p> \r\n\r\n<p>Высокая производительность. Мощный двухъядерный процессор 1,5 ГГц Qualcomm Snapdragon MSM8260 гарантирует быстродействие любых игр и приложений.\r\nПревосходное качество изображения. 4,3-дюймовый HD 1280*720p экран Reality Display с технологией Mobile BRAVIA Engine обеспечивает потрясающие впечатления от просмотра изображений и видео с высоким разрешением.</p>\r\n\r\n<p>Удобство подключения к другим устройствам. Беспроводная связь на малых расстояниях (NFC) позволяет легко обмениваться информацией с другими пользователями и открывает доступ к многочисленным NFC-приложениям и услугам. Xperia S можно подключить к телевизору посредством Wi-Fi, DLNA, HDMI, а также использовать BRAVIA Sync для управления смартфоном с пульта ДУ телевизора.</p>\r\n				\r\n				\r\n<div class="tech-harakt">\r\n					<h3>Технические характеристики</h3>\r\n\r\n<h4>Связь</h4>\r\n<ul>\r\n<li> - 3G  : Есть </li>\r\n<li> - EDGE  : Есть </li>\r\n<li> - Wi-Fi  : Есть (802.11 b/g/n)</li> \r\n</ul>\r\n\r\n<h4>Дисплей</h4>\r\n<ul>\r\n<li> - Тип дисплея  : TFT с LED подсветкой</li> \r\n<li> - Разрешение дисплея (пикс)  : 1280x720</li> \r\n<li> - Диагональ дисплея (дюйм)  : 4.3 </li>\r\n<li> - Сенсорный экран  : Есть </li>\r\n</ul>\r\n\r\n<h4>Система</h4>\r\n<ul>\r\n<li> - GPS-навигация  : Есть </li>\r\n<li> - Операционная система  : Android v2.3 </li>\r\n<li> - Частота проц. (МГц) : 1500 (Dual-core Qualcomm MSM8260 Snapdragon) </li>\r\n</ul>\r\n\r\n<h4>Мультимедиа</h4>\r\n<ul>\r\n<li> - Фотокамера : 12,1 Mпикс </li>\r\n<li> - Аудиоплеер : да </li>\r\n<li> - FM - радио : да </li>\r\n</ul>\r\n\r\n<h4>Корпус</h4>\r\n<ul>\r\n<li> - Тип корпуса : Классический </li>\r\n</ul>\r\n\r\n<h4>Память</h4>\r\n<ul>\r\n<li> - Встроенная память (Мб) : 32000</li>\r\n</ul>\r\n</div>', '1', '1', '0', '0', 6000, '2012-09-02', ''),
(12, 'Nokia Lumia 710 Black', 'Ключевики', 'Описание', 'phone-index.jpg', 14, '<p>Футуристичный смартфон Sony Xperia S под управлением ОС Android 2.3 Gingerbread с возможностью обновления до версии 4.0 Ice Cream Sandwich – первый из серии Xperia NXT, линейки смартфонов нового поколения.</p> \r\n\r\n<p>В нем объединились новейшие технологии и лучшие разработки Sony, достойный функционал и минималистичный дизайн.</p>', '<p>Футуристичный смартфон Sony Xperia S под управлением ОС Android 2.3 Gingerbread с возможностью обновления до версии 4.0 Ice Cream Sandwich – первый из серии Xperia NXT, линейки смартфонов нового поколения. В нем объединились новейшие технологии и лучшие разработки Sony, достойный функционал и минималистичный дизайн.</p> \r\n\r\n<p>Высокая производительность. Мощный двухъядерный процессор 1,5 ГГц Qualcomm Snapdragon MSM8260 гарантирует быстродействие любых игр и приложений.\r\nПревосходное качество изображения. 4,3-дюймовый HD 1280*720p экран Reality Display с технологией Mobile BRAVIA Engine обеспечивает потрясающие впечатления от просмотра изображений и видео с высоким разрешением.</p>\r\n\r\n<p>Удобство подключения к другим устройствам. Беспроводная связь на малых расстояниях (NFC) позволяет легко обмениваться информацией с другими пользователями и открывает доступ к многочисленным NFC-приложениям и услугам. Xperia S можно подключить к телевизору посредством Wi-Fi, DLNA, HDMI, а также использовать BRAVIA Sync для управления смартфоном с пульта ДУ телевизора.</p>\r\n				\r\n				\r\n<div class="tech-harakt">\r\n					<h3>Технические характеристики</h3>\r\n\r\n<h4>Связь</h4>\r\n<ul>\r\n<li> - 3G  : Есть </li>\r\n<li> - EDGE  : Есть </li>\r\n<li> - Wi-Fi  : Есть (802.11 b/g/n)</li> \r\n</ul>\r\n\r\n<h4>Дисплей</h4>\r\n<ul>\r\n<li> - Тип дисплея  : TFT с LED подсветкой</li> \r\n<li> - Разрешение дисплея (пикс)  : 1280x720</li> \r\n<li> - Диагональ дисплея (дюйм)  : 4.3 </li>\r\n<li> - Сенсорный экран  : Есть </li>\r\n</ul>\r\n\r\n<h4>Система</h4>\r\n<ul>\r\n<li> - GPS-навигация  : Есть </li>\r\n<li> - Операционная система  : Android v2.3 </li>\r\n<li> - Частота проц. (МГц) : 1500 (Dual-core Qualcomm MSM8260 Snapdragon) </li>\r\n</ul>\r\n\r\n<h4>Мультимедиа</h4>\r\n<ul>\r\n<li> - Фотокамера : 12,1 Mпикс </li>\r\n<li> - Аудиоплеер : да </li>\r\n<li> - FM - радио : да </li>\r\n</ul>\r\n\r\n<h4>Корпус</h4>\r\n<ul>\r\n<li> - Тип корпуса : Классический </li>\r\n</ul>\r\n\r\n<h4>Память</h4>\r\n<ul>\r\n<li> - Встроенная память (Мб) : 32000</li>\r\n</ul>\r\n</div>', '1', '1', '1', '1', 15650, '2012-09-02', ''),
(13, 'Nokia C2-06 Lilac', 'Ключевики', 'Описание', 'phone-index.jpg', 13, '<p>Футуристичный смартфон Sony Xperia S под управлением ОС Android 2.3 Gingerbread с возможностью обновления до версии 4.0 Ice Cream Sandwich – первый из серии Xperia NXT, линейки смартфонов нового поколения.</p> \r\n\r\n<p>В нем объединились новейшие технологии и лучшие разработки Sony, достойный функционал и минималистичный дизайн.</p>', '<p>Футуристичный смартфон Sony Xperia S под управлением ОС Android 2.3 Gingerbread с возможностью обновления до версии 4.0 Ice Cream Sandwich – первый из серии Xperia NXT, линейки смартфонов нового поколения. В нем объединились новейшие технологии и лучшие разработки Sony, достойный функционал и минималистичный дизайн.</p> \r\n\r\n<p>Высокая производительность. Мощный двухъядерный процессор 1,5 ГГц Qualcomm Snapdragon MSM8260 гарантирует быстродействие любых игр и приложений.\r\nПревосходное качество изображения. 4,3-дюймовый HD 1280*720p экран Reality Display с технологией Mobile BRAVIA Engine обеспечивает потрясающие впечатления от просмотра изображений и видео с высоким разрешением.</p>\r\n\r\n<p>Удобство подключения к другим устройствам. Беспроводная связь на малых расстояниях (NFC) позволяет легко обмениваться информацией с другими пользователями и открывает доступ к многочисленным NFC-приложениям и услугам. Xperia S можно подключить к телевизору посредством Wi-Fi, DLNA, HDMI, а также использовать BRAVIA Sync для управления смартфоном с пульта ДУ телевизора.</p>\r\n				\r\n				\r\n<div class="tech-harakt">\r\n					<h3>Технические характеристики</h3>\r\n\r\n<h4>Связь</h4>\r\n<ul>\r\n<li> - 3G  : Есть </li>\r\n<li> - EDGE  : Есть </li>\r\n<li> - Wi-Fi  : Есть (802.11 b/g/n)</li> \r\n</ul>\r\n\r\n<h4>Дисплей</h4>\r\n<ul>\r\n<li> - Тип дисплея  : TFT с LED подсветкой</li> \r\n<li> - Разрешение дисплея (пикс)  : 1280x720</li> \r\n<li> - Диагональ дисплея (дюйм)  : 4.3 </li>\r\n<li> - Сенсорный экран  : Есть </li>\r\n</ul>\r\n\r\n<h4>Система</h4>\r\n<ul>\r\n<li> - GPS-навигация  : Есть </li>\r\n<li> - Операционная система  : Android v2.3 </li>\r\n<li> - Частота проц. (МГц) : 1500 (Dual-core Qualcomm MSM8260 Snapdragon) </li>\r\n</ul>\r\n\r\n<h4>Мультимедиа</h4>\r\n<ul>\r\n<li> - Фотокамера : 12,1 Mпикс </li>\r\n<li> - Аудиоплеер : да </li>\r\n<li> - FM - радио : да </li>\r\n</ul>\r\n\r\n<h4>Корпус</h4>\r\n<ul>\r\n<li> - Тип корпуса : Классический </li>\r\n</ul>\r\n\r\n<h4>Память</h4>\r\n<ul>\r\n<li> - Встроенная память (Мб) : 32000</li>\r\n</ul>\r\n</div>', '1', '1', '0', '0', 9400, '2012-09-02', '');
INSERT INTO `goods` (`goods_id`, `name`, `keywords`, `description`, `img`, `goods_brandid`, `anons`, `content`, `visible`, `hits`, `new`, `sale`, `price`, `date`, `img_slide`) VALUES
(14, 'Nokia Lumia 800 Black', 'Ключевики', 'Описание', 'phone-index.jpg', 14, '<p>Футуристичный смартфон Sony Xperia S под управлением ОС Android 2.3 Gingerbread с возможностью обновления до версии 4.0 Ice Cream Sandwich – первый из серии Xperia NXT, линейки смартфонов нового поколения.</p> \r\n\r\n<p>В нем объединились новейшие технологии и лучшие разработки Sony, достойный функционал и минималистичный дизайн.</p>', '<p>Футуристичный смартфон Sony Xperia S под управлением ОС Android 2.3 Gingerbread с возможностью обновления до версии 4.0 Ice Cream Sandwich – первый из серии Xperia NXT, линейки смартфонов нового поколения. В нем объединились новейшие технологии и лучшие разработки Sony, достойный функционал и минималистичный дизайн.</p> \r\n\r\n<p>Высокая производительность. Мощный двухъядерный процессор 1,5 ГГц Qualcomm Snapdragon MSM8260 гарантирует быстродействие любых игр и приложений.\r\nПревосходное качество изображения. 4,3-дюймовый HD 1280*720p экран Reality Display с технологией Mobile BRAVIA Engine обеспечивает потрясающие впечатления от просмотра изображений и видео с высоким разрешением.</p>\r\n\r\n<p>Удобство подключения к другим устройствам. Беспроводная связь на малых расстояниях (NFC) позволяет легко обмениваться информацией с другими пользователями и открывает доступ к многочисленным NFC-приложениям и услугам. Xperia S можно подключить к телевизору посредством Wi-Fi, DLNA, HDMI, а также использовать BRAVIA Sync для управления смартфоном с пульта ДУ телевизора.</p>\r\n				\r\n				\r\n<div class="tech-harakt">\r\n					<h3>Технические характеристики</h3>\r\n\r\n<h4>Связь</h4>\r\n<ul>\r\n<li> - 3G  : Есть </li>\r\n<li> - EDGE  : Есть </li>\r\n<li> - Wi-Fi  : Есть (802.11 b/g/n)</li> \r\n</ul>\r\n\r\n<h4>Дисплей</h4>\r\n<ul>\r\n<li> - Тип дисплея  : TFT с LED подсветкой</li> \r\n<li> - Разрешение дисплея (пикс)  : 1280x720</li> \r\n<li> - Диагональ дисплея (дюйм)  : 4.3 </li>\r\n<li> - Сенсорный экран  : Есть </li>\r\n</ul>\r\n\r\n<h4>Система</h4>\r\n<ul>\r\n<li> - GPS-навигация  : Есть </li>\r\n<li> - Операционная система  : Android v2.3 </li>\r\n<li> - Частота проц. (МГц) : 1500 (Dual-core Qualcomm MSM8260 Snapdragon) </li>\r\n</ul>\r\n\r\n<h4>Мультимедиа</h4>\r\n<ul>\r\n<li> - Фотокамера : 12,1 Mпикс </li>\r\n<li> - Аудиоплеер : да </li>\r\n<li> - FM - радио : да </li>\r\n</ul>\r\n\r\n<h4>Корпус</h4>\r\n<ul>\r\n<li> - Тип корпуса : Классический </li>\r\n</ul>\r\n\r\n<h4>Память</h4>\r\n<ul>\r\n<li> - Встроенная память (Мб) : 32000</li>\r\n</ul>\r\n</div>', '1', '0', '0', '0', 13230, '2012-09-02', ''),
(15, 'Nokia Lumia 900 Black', 'Ключевики', 'Описание', 'phone-index.jpg', 14, '<p>Футуристичный смартфон Sony Xperia S под управлением ОС Android 2.3 Gingerbread с возможностью обновления до версии 4.0 Ice Cream Sandwich – первый из серии Xperia NXT, линейки смартфонов нового поколения.</p> \r\n\r\n<p>В нем объединились новейшие технологии и лучшие разработки Sony, достойный функционал и минималистичный дизайн.</p>', '<p>Футуристичный смартфон Sony Xperia S под управлением ОС Android 2.3 Gingerbread с возможностью обновления до версии 4.0 Ice Cream Sandwich – первый из серии Xperia NXT, линейки смартфонов нового поколения. В нем объединились новейшие технологии и лучшие разработки Sony, достойный функционал и минималистичный дизайн.</p> \r\n\r\n<p>Высокая производительность. Мощный двухъядерный процессор 1,5 ГГц Qualcomm Snapdragon MSM8260 гарантирует быстродействие любых игр и приложений.\r\nПревосходное качество изображения. 4,3-дюймовый HD 1280*720p экран Reality Display с технологией Mobile BRAVIA Engine обеспечивает потрясающие впечатления от просмотра изображений и видео с высоким разрешением.</p>\r\n\r\n<p>Удобство подключения к другим устройствам. Беспроводная связь на малых расстояниях (NFC) позволяет легко обмениваться информацией с другими пользователями и открывает доступ к многочисленным NFC-приложениям и услугам. Xperia S можно подключить к телевизору посредством Wi-Fi, DLNA, HDMI, а также использовать BRAVIA Sync для управления смартфоном с пульта ДУ телевизора.</p>\r\n				\r\n				\r\n<div class="tech-harakt">\r\n					<h3>Технические характеристики</h3>\r\n\r\n<h4>Связь</h4>\r\n<ul>\r\n<li> - 3G  : Есть </li>\r\n<li> - EDGE  : Есть </li>\r\n<li> - Wi-Fi  : Есть (802.11 b/g/n)</li> \r\n</ul>\r\n\r\n<h4>Дисплей</h4>\r\n<ul>\r\n<li> - Тип дисплея  : TFT с LED подсветкой</li> \r\n<li> - Разрешение дисплея (пикс)  : 1280x720</li> \r\n<li> - Диагональ дисплея (дюйм)  : 4.3 </li>\r\n<li> - Сенсорный экран  : Есть </li>\r\n</ul>\r\n\r\n<h4>Система</h4>\r\n<ul>\r\n<li> - GPS-навигация  : Есть </li>\r\n<li> - Операционная система  : Android v2.3 </li>\r\n<li> - Частота проц. (МГц) : 1500 (Dual-core Qualcomm MSM8260 Snapdragon) </li>\r\n</ul>\r\n\r\n<h4>Мультимедиа</h4>\r\n<ul>\r\n<li> - Фотокамера : 12,1 Mпикс </li>\r\n<li> - Аудиоплеер : да </li>\r\n<li> - FM - радио : да </li>\r\n</ul>\r\n\r\n<h4>Корпус</h4>\r\n<ul>\r\n<li> - Тип корпуса : Классический </li>\r\n</ul>\r\n\r\n<h4>Память</h4>\r\n<ul>\r\n<li> - Встроенная память (Мб) : 32000</li>\r\n</ul>\r\n</div>', '1', '0', '1', '0', 10000, '2012-09-02', ''),
(16, 'Nokia Lumia 900 White', 'Ключевики', 'Описание', 'phone-index.jpg', 14, '<p>Футуристичный смартфон Sony Xperia S под управлением ОС Android 2.3 Gingerbread с возможностью обновления до версии 4.0 Ice Cream Sandwich – первый из серии Xperia NXT, линейки смартфонов нового поколения.</p> \r\n\r\n<p>В нем объединились новейшие технологии и лучшие разработки Sony, достойный функционал и минималистичный дизайн.</p>', '<p>Футуристичный смартфон Sony Xperia S под управлением ОС Android 2.3 Gingerbread с возможностью обновления до версии 4.0 Ice Cream Sandwich – первый из серии Xperia NXT, линейки смартфонов нового поколения. В нем объединились новейшие технологии и лучшие разработки Sony, достойный функционал и минималистичный дизайн.</p> \r\n\r\n<p>Высокая производительность. Мощный двухъядерный процессор 1,5 ГГц Qualcomm Snapdragon MSM8260 гарантирует быстродействие любых игр и приложений.\r\nПревосходное качество изображения. 4,3-дюймовый HD 1280*720p экран Reality Display с технологией Mobile BRAVIA Engine обеспечивает потрясающие впечатления от просмотра изображений и видео с высоким разрешением.</p>\r\n\r\n<p>Удобство подключения к другим устройствам. Беспроводная связь на малых расстояниях (NFC) позволяет легко обмениваться информацией с другими пользователями и открывает доступ к многочисленным NFC-приложениям и услугам. Xperia S можно подключить к телевизору посредством Wi-Fi, DLNA, HDMI, а также использовать BRAVIA Sync для управления смартфоном с пульта ДУ телевизора.</p>\r\n				\r\n				\r\n<div class="tech-harakt">\r\n					<h3>Технические характеристики</h3>\r\n\r\n<h4>Связь</h4>\r\n<ul>\r\n<li> - 3G  : Есть </li>\r\n<li> - EDGE  : Есть </li>\r\n<li> - Wi-Fi  : Есть (802.11 b/g/n)</li> \r\n</ul>\r\n\r\n<h4>Дисплей</h4>\r\n<ul>\r\n<li> - Тип дисплея  : TFT с LED подсветкой</li> \r\n<li> - Разрешение дисплея (пикс)  : 1280x720</li> \r\n<li> - Диагональ дисплея (дюйм)  : 4.3 </li>\r\n<li> - Сенсорный экран  : Есть </li>\r\n</ul>\r\n\r\n<h4>Система</h4>\r\n<ul>\r\n<li> - GPS-навигация  : Есть </li>\r\n<li> - Операционная система  : Android v2.3 </li>\r\n<li> - Частота проц. (МГц) : 1500 (Dual-core Qualcomm MSM8260 Snapdragon) </li>\r\n</ul>\r\n\r\n<h4>Мультимедиа</h4>\r\n<ul>\r\n<li> - Фотокамера : 12,1 Mпикс </li>\r\n<li> - Аудиоплеер : да </li>\r\n<li> - FM - радио : да </li>\r\n</ul>\r\n\r\n<h4>Корпус</h4>\r\n<ul>\r\n<li> - Тип корпуса : Классический </li>\r\n</ul>\r\n\r\n<h4>Память</h4>\r\n<ul>\r\n<li> - Встроенная память (Мб) : 32000</li>\r\n</ul>\r\n</div>', '1', '1', '1', '1', 16000, '2012-09-16', ''),
(17, 'Nokia 500 Black (Purple/Red)', 'Ключевики', 'Описание', 'phone-index.jpg', 14, '<p>Футуристичный смартфон Sony Xperia S под управлением ОС Android 2.3 Gingerbread с возможностью обновления до версии 4.0 Ice Cream Sandwich – первый из серии Xperia NXT, линейки смартфонов нового поколения.</p> \r\n\r\n<p>В нем объединились новейшие технологии и лучшие разработки Sony, достойный функционал и минималистичный дизайн.</p>', '<p>Футуристичный смартфон Sony Xperia S под управлением ОС Android 2.3 Gingerbread с возможностью обновления до версии 4.0 Ice Cream Sandwich – первый из серии Xperia NXT, линейки смартфонов нового поколения. В нем объединились новейшие технологии и лучшие разработки Sony, достойный функционал и минималистичный дизайн.</p> \r\n\r\n<p>Высокая производительность. Мощный двухъядерный процессор 1,5 ГГц Qualcomm Snapdragon MSM8260 гарантирует быстродействие любых игр и приложений.\r\nПревосходное качество изображения. 4,3-дюймовый HD 1280*720p экран Reality Display с технологией Mobile BRAVIA Engine обеспечивает потрясающие впечатления от просмотра изображений и видео с высоким разрешением.</p>\r\n\r\n<p>Удобство подключения к другим устройствам. Беспроводная связь на малых расстояниях (NFC) позволяет легко обмениваться информацией с другими пользователями и открывает доступ к многочисленным NFC-приложениям и услугам. Xperia S можно подключить к телевизору посредством Wi-Fi, DLNA, HDMI, а также использовать BRAVIA Sync для управления смартфоном с пульта ДУ телевизора.</p>\r\n				\r\n				\r\n<div class="tech-harakt">\r\n					<h3>Технические характеристики</h3>\r\n\r\n<h4>Связь</h4>\r\n<ul>\r\n<li> - 3G  : Есть </li>\r\n<li> - EDGE  : Есть </li>\r\n<li> - Wi-Fi  : Есть (802.11 b/g/n)</li> \r\n</ul>\r\n\r\n<h4>Дисплей</h4>\r\n<ul>\r\n<li> - Тип дисплея  : TFT с LED подсветкой</li> \r\n<li> - Разрешение дисплея (пикс)  : 1280x720</li> \r\n<li> - Диагональ дисплея (дюйм)  : 4.3 </li>\r\n<li> - Сенсорный экран  : Есть </li>\r\n</ul>\r\n\r\n<h4>Система</h4>\r\n<ul>\r\n<li> - GPS-навигация  : Есть </li>\r\n<li> - Операционная система  : Android v2.3 </li>\r\n<li> - Частота проц. (МГц) : 1500 (Dual-core Qualcomm MSM8260 Snapdragon) </li>\r\n</ul>\r\n\r\n<h4>Мультимедиа</h4>\r\n<ul>\r\n<li> - Фотокамера : 12,1 Mпикс </li>\r\n<li> - Аудиоплеер : да </li>\r\n<li> - FM - радио : да </li>\r\n</ul>\r\n\r\n<h4>Корпус</h4>\r\n<ul>\r\n<li> - Тип корпуса : Классический </li>\r\n</ul>\r\n\r\n<h4>Память</h4>\r\n<ul>\r\n<li> - Встроенная память (Мб) : 32000</li>\r\n</ul>\r\n</div>', '1', '0', '0', '0', 17000, '2012-09-17', ''),
(18, 'Nokia E6-00 Black', 'Ключевики', 'Описание', 'phone-index.jpg', 14, '<p>Футуристичный смартфон Sony Xperia S под управлением ОС Android 2.3 Gingerbread с возможностью обновления до версии 4.0 Ice Cream Sandwich – первый из серии Xperia NXT, линейки смартфонов нового поколения.</p> \r\n\r\n<p>В нем объединились новейшие технологии и лучшие разработки Sony, достойный функционал и минималистичный дизайн.</p>', '<p>Футуристичный смартфон Sony Xperia S под управлением ОС Android 2.3 Gingerbread с возможностью обновления до версии 4.0 Ice Cream Sandwich – первый из серии Xperia NXT, линейки смартфонов нового поколения. В нем объединились новейшие технологии и лучшие разработки Sony, достойный функционал и минималистичный дизайн.</p> \r\n\r\n<p>Высокая производительность. Мощный двухъядерный процессор 1,5 ГГц Qualcomm Snapdragon MSM8260 гарантирует быстродействие любых игр и приложений.\r\nПревосходное качество изображения. 4,3-дюймовый HD 1280*720p экран Reality Display с технологией Mobile BRAVIA Engine обеспечивает потрясающие впечатления от просмотра изображений и видео с высоким разрешением.</p>\r\n\r\n<p>Удобство подключения к другим устройствам. Беспроводная связь на малых расстояниях (NFC) позволяет легко обмениваться информацией с другими пользователями и открывает доступ к многочисленным NFC-приложениям и услугам. Xperia S можно подключить к телевизору посредством Wi-Fi, DLNA, HDMI, а также использовать BRAVIA Sync для управления смартфоном с пульта ДУ телевизора.</p>\r\n				\r\n				\r\n<div class="tech-harakt">\r\n					<h3>Технические характеристики</h3>\r\n\r\n<h4>Связь</h4>\r\n<ul>\r\n<li> - 3G  : Есть </li>\r\n<li> - EDGE  : Есть </li>\r\n<li> - Wi-Fi  : Есть (802.11 b/g/n)</li> \r\n</ul>\r\n\r\n<h4>Дисплей</h4>\r\n<ul>\r\n<li> - Тип дисплея  : TFT с LED подсветкой</li> \r\n<li> - Разрешение дисплея (пикс)  : 1280x720</li> \r\n<li> - Диагональ дисплея (дюйм)  : 4.3 </li>\r\n<li> - Сенсорный экран  : Есть </li>\r\n</ul>\r\n\r\n<h4>Система</h4>\r\n<ul>\r\n<li> - GPS-навигация  : Есть </li>\r\n<li> - Операционная система  : Android v2.3 </li>\r\n<li> - Частота проц. (МГц) : 1500 (Dual-core Qualcomm MSM8260 Snapdragon) </li>\r\n</ul>\r\n\r\n<h4>Мультимедиа</h4>\r\n<ul>\r\n<li> - Фотокамера : 12,1 Mпикс </li>\r\n<li> - Аудиоплеер : да </li>\r\n<li> - FM - радио : да </li>\r\n</ul>\r\n\r\n<h4>Корпус</h4>\r\n<ul>\r\n<li> - Тип корпуса : Классический </li>\r\n</ul>\r\n\r\n<h4>Память</h4>\r\n<ul>\r\n<li> - Встроенная память (Мб) : 32000</li>\r\n</ul>\r\n</div>', '1', '1', '0', '0', 18000, '2012-09-18', ''),
(19, 'Nokia Asha 306 Dark Grey', 'Ключевики', 'Описание', 'phone-index.jpg', 14, '<p>Футуристичный смартфон Sony Xperia S под управлением ОС Android 2.3 Gingerbread с возможностью обновления до версии 4.0 Ice Cream Sandwich – первый из серии Xperia NXT, линейки смартфонов нового поколения.</p> \r\n\r\n<p>В нем объединились новейшие технологии и лучшие разработки Sony, достойный функционал и минималистичный дизайн.</p>', '<p>Футуристичный смартфон Sony Xperia S под управлением ОС Android 2.3 Gingerbread с возможностью обновления до версии 4.0 Ice Cream Sandwich – первый из серии Xperia NXT, линейки смартфонов нового поколения. В нем объединились новейшие технологии и лучшие разработки Sony, достойный функционал и минималистичный дизайн.</p> \r\n\r\n<p>Высокая производительность. Мощный двухъядерный процессор 1,5 ГГц Qualcomm Snapdragon MSM8260 гарантирует быстродействие любых игр и приложений.\r\nПревосходное качество изображения. 4,3-дюймовый HD 1280*720p экран Reality Display с технологией Mobile BRAVIA Engine обеспечивает потрясающие впечатления от просмотра изображений и видео с высоким разрешением.</p>\r\n\r\n<p>Удобство подключения к другим устройствам. Беспроводная связь на малых расстояниях (NFC) позволяет легко обмениваться информацией с другими пользователями и открывает доступ к многочисленным NFC-приложениям и услугам. Xperia S можно подключить к телевизору посредством Wi-Fi, DLNA, HDMI, а также использовать BRAVIA Sync для управления смартфоном с пульта ДУ телевизора.</p>\r\n				\r\n				\r\n<div class="tech-harakt">\r\n					<h3>Технические характеристики</h3>\r\n\r\n<h4>Связь</h4>\r\n<ul>\r\n<li> - 3G  : Есть </li>\r\n<li> - EDGE  : Есть </li>\r\n<li> - Wi-Fi  : Есть (802.11 b/g/n)</li> \r\n</ul>\r\n\r\n<h4>Дисплей</h4>\r\n<ul>\r\n<li> - Тип дисплея  : TFT с LED подсветкой</li> \r\n<li> - Разрешение дисплея (пикс)  : 1280x720</li> \r\n<li> - Диагональ дисплея (дюйм)  : 4.3 </li>\r\n<li> - Сенсорный экран  : Есть </li>\r\n</ul>\r\n\r\n<h4>Система</h4>\r\n<ul>\r\n<li> - GPS-навигация  : Есть </li>\r\n<li> - Операционная система  : Android v2.3 </li>\r\n<li> - Частота проц. (МГц) : 1500 (Dual-core Qualcomm MSM8260 Snapdragon) </li>\r\n</ul>\r\n\r\n<h4>Мультимедиа</h4>\r\n<ul>\r\n<li> - Фотокамера : 12,1 Mпикс </li>\r\n<li> - Аудиоплеер : да </li>\r\n<li> - FM - радио : да </li>\r\n</ul>\r\n\r\n<h4>Корпус</h4>\r\n<ul>\r\n<li> - Тип корпуса : Классический </li>\r\n</ul>\r\n\r\n<h4>Память</h4>\r\n<ul>\r\n<li> - Встроенная память (Мб) : 32000</li>\r\n</ul>\r\n</div>', '1', '1', '1', '0', 19000, '2012-09-19', ''),
(20, 'Nokia X2-02 dark silver', 'Ключевики', 'Описание', 'phone-index.jpg', 13, '<p>Футуристичный смартфон Sony Xperia S под управлением ОС Android 2.3 Gingerbread с возможностью обновления до версии 4.0 Ice Cream Sandwich – первый из серии Xperia NXT, линейки смартфонов нового поколения.</p> \r\n\r\n<p>В нем объединились новейшие технологии и лучшие разработки Sony, достойный функционал и минималистичный дизайн.</p>', '<p>Футуристичный смартфон Sony Xperia S под управлением ОС Android 2.3 Gingerbread с возможностью обновления до версии 4.0 Ice Cream Sandwich – первый из серии Xperia NXT, линейки смартфонов нового поколения. В нем объединились новейшие технологии и лучшие разработки Sony, достойный функционал и минималистичный дизайн.</p> \r\n\r\n<p>Высокая производительность. Мощный двухъядерный процессор 1,5 ГГц Qualcomm Snapdragon MSM8260 гарантирует быстродействие любых игр и приложений.\r\nПревосходное качество изображения. 4,3-дюймовый HD 1280*720p экран Reality Display с технологией Mobile BRAVIA Engine обеспечивает потрясающие впечатления от просмотра изображений и видео с высоким разрешением.</p>\r\n\r\n<p>Удобство подключения к другим устройствам. Беспроводная связь на малых расстояниях (NFC) позволяет легко обмениваться информацией с другими пользователями и открывает доступ к многочисленным NFC-приложениям и услугам. Xperia S можно подключить к телевизору посредством Wi-Fi, DLNA, HDMI, а также использовать BRAVIA Sync для управления смартфоном с пульта ДУ телевизора.</p>\r\n				\r\n				\r\n<div class="tech-harakt">\r\n					<h3>Технические характеристики</h3>\r\n\r\n<h4>Связь</h4>\r\n<ul>\r\n<li> - 3G  : Есть </li>\r\n<li> - EDGE  : Есть </li>\r\n<li> - Wi-Fi  : Есть (802.11 b/g/n)</li> \r\n</ul>\r\n\r\n<h4>Дисплей</h4>\r\n<ul>\r\n<li> - Тип дисплея  : TFT с LED подсветкой</li> \r\n<li> - Разрешение дисплея (пикс)  : 1280x720</li> \r\n<li> - Диагональ дисплея (дюйм)  : 4.3 </li>\r\n<li> - Сенсорный экран  : Есть </li>\r\n</ul>\r\n\r\n<h4>Система</h4>\r\n<ul>\r\n<li> - GPS-навигация  : Есть </li>\r\n<li> - Операционная система  : Android v2.3 </li>\r\n<li> - Частота проц. (МГц) : 1500 (Dual-core Qualcomm MSM8260 Snapdragon) </li>\r\n</ul>\r\n\r\n<h4>Мультимедиа</h4>\r\n<ul>\r\n<li> - Фотокамера : 12,1 Mпикс </li>\r\n<li> - Аудиоплеер : да </li>\r\n<li> - FM - радио : да </li>\r\n</ul>\r\n\r\n<h4>Корпус</h4>\r\n<ul>\r\n<li> - Тип корпуса : Классический </li>\r\n</ul>\r\n\r\n<h4>Память</h4>\r\n<ul>\r\n<li> - Встроенная память (Мб) : 32000</li>\r\n</ul>\r\n</div>', '1', '0', '0', '0', 20000, '2012-09-20', ''),
(21, 'Nokia Asha 200 Graphite', 'Ключевики', 'Описание', 'phone-index.jpg', 14, '<p>Футуристичный смартфон Sony Xperia S под управлением ОС Android 2.3 Gingerbread с возможностью обновления до версии 4.0 Ice Cream Sandwich – первый из серии Xperia NXT, линейки смартфонов нового поколения.</p> \r\n\r\n<p>В нем объединились новейшие технологии и лучшие разработки Sony, достойный функционал и минималистичный дизайн.</p>', '<p>Футуристичный смартфон Sony Xperia S под управлением ОС Android 2.3 Gingerbread с возможностью обновления до версии 4.0 Ice Cream Sandwich – первый из серии Xperia NXT, линейки смартфонов нового поколения. В нем объединились новейшие технологии и лучшие разработки Sony, достойный функционал и минималистичный дизайн.</p> \r\n\r\n<p>Высокая производительность. Мощный двухъядерный процессор 1,5 ГГц Qualcomm Snapdragon MSM8260 гарантирует быстродействие любых игр и приложений.\r\nПревосходное качество изображения. 4,3-дюймовый HD 1280*720p экран Reality Display с технологией Mobile BRAVIA Engine обеспечивает потрясающие впечатления от просмотра изображений и видео с высоким разрешением.</p>\r\n\r\n<p>Удобство подключения к другим устройствам. Беспроводная связь на малых расстояниях (NFC) позволяет легко обмениваться информацией с другими пользователями и открывает доступ к многочисленным NFC-приложениям и услугам. Xperia S можно подключить к телевизору посредством Wi-Fi, DLNA, HDMI, а также использовать BRAVIA Sync для управления смартфоном с пульта ДУ телевизора.</p>\r\n				\r\n				\r\n<div class="tech-harakt">\r\n					<h3>Технические характеристики</h3>\r\n\r\n<h4>Связь</h4>\r\n<ul>\r\n<li> - 3G  : Есть </li>\r\n<li> - EDGE  : Есть </li>\r\n<li> - Wi-Fi  : Есть (802.11 b/g/n)</li> \r\n</ul>\r\n\r\n<h4>Дисплей</h4>\r\n<ul>\r\n<li> - Тип дисплея  : TFT с LED подсветкой</li> \r\n<li> - Разрешение дисплея (пикс)  : 1280x720</li> \r\n<li> - Диагональ дисплея (дюйм)  : 4.3 </li>\r\n<li> - Сенсорный экран  : Есть </li>\r\n</ul>\r\n\r\n<h4>Система</h4>\r\n<ul>\r\n<li> - GPS-навигация  : Есть </li>\r\n<li> - Операционная система  : Android v2.3 </li>\r\n<li> - Частота проц. (МГц) : 1500 (Dual-core Qualcomm MSM8260 Snapdragon) </li>\r\n</ul>\r\n\r\n<h4>Мультимедиа</h4>\r\n<ul>\r\n<li> - Фотокамера : 12,1 Mпикс </li>\r\n<li> - Аудиоплеер : да </li>\r\n<li> - FM - радио : да </li>\r\n</ul>\r\n\r\n<h4>Корпус</h4>\r\n<ul>\r\n<li> - Тип корпуса : Классический </li>\r\n</ul>\r\n\r\n<h4>Память</h4>\r\n<ul>\r\n<li> - Встроенная память (Мб) : 32000</li>\r\n</ul>\r\n</div>', '1', '0', '0', '0', 21000, '2012-09-21', ''),
(22, 'Nokia Asha 200 Perl white', 'Ключевики', 'Описание', 'phone-index.jpg', 14, '<p>Футуристичный смартфон Sony Xperia S под управлением ОС Android 2.3 Gingerbread с возможностью обновления до версии 4.0 Ice Cream Sandwich – первый из серии Xperia NXT, линейки смартфонов нового поколения.</p> \r\n\r\n<p>В нем объединились новейшие технологии и лучшие разработки Sony, достойный функционал и минималистичный дизайн.</p>', '<p>Футуристичный смартфон Sony Xperia S под управлением ОС Android 2.3 Gingerbread с возможностью обновления до версии 4.0 Ice Cream Sandwich – первый из серии Xperia NXT, линейки смартфонов нового поколения. В нем объединились новейшие технологии и лучшие разработки Sony, достойный функционал и минималистичный дизайн.</p> \r\n\r\n<p>Высокая производительность. Мощный двухъядерный процессор 1,5 ГГц Qualcomm Snapdragon MSM8260 гарантирует быстродействие любых игр и приложений.\r\nПревосходное качество изображения. 4,3-дюймовый HD 1280*720p экран Reality Display с технологией Mobile BRAVIA Engine обеспечивает потрясающие впечатления от просмотра изображений и видео с высоким разрешением.</p>\r\n\r\n<p>Удобство подключения к другим устройствам. Беспроводная связь на малых расстояниях (NFC) позволяет легко обмениваться информацией с другими пользователями и открывает доступ к многочисленным NFC-приложениям и услугам. Xperia S можно подключить к телевизору посредством Wi-Fi, DLNA, HDMI, а также использовать BRAVIA Sync для управления смартфоном с пульта ДУ телевизора.</p>\r\n				\r\n				\r\n<div class="tech-harakt">\r\n					<h3>Технические характеристики</h3>\r\n\r\n<h4>Связь</h4>\r\n<ul>\r\n<li> - 3G  : Есть </li>\r\n<li> - EDGE  : Есть </li>\r\n<li> - Wi-Fi  : Есть (802.11 b/g/n)</li> \r\n</ul>\r\n\r\n<h4>Дисплей</h4>\r\n<ul>\r\n<li> - Тип дисплея  : TFT с LED подсветкой</li> \r\n<li> - Разрешение дисплея (пикс)  : 1280x720</li> \r\n<li> - Диагональ дисплея (дюйм)  : 4.3 </li>\r\n<li> - Сенсорный экран  : Есть </li>\r\n</ul>\r\n\r\n<h4>Система</h4>\r\n<ul>\r\n<li> - GPS-навигация  : Есть </li>\r\n<li> - Операционная система  : Android v2.3 </li>\r\n<li> - Частота проц. (МГц) : 1500 (Dual-core Qualcomm MSM8260 Snapdragon) </li>\r\n</ul>\r\n\r\n<h4>Мультимедиа</h4>\r\n<ul>\r\n<li> - Фотокамера : 12,1 Mпикс </li>\r\n<li> - Аудиоплеер : да </li>\r\n<li> - FM - радио : да </li>\r\n</ul>\r\n\r\n<h4>Корпус</h4>\r\n<ul>\r\n<li> - Тип корпуса : Классический </li>\r\n</ul>\r\n\r\n<h4>Память</h4>\r\n<ul>\r\n<li> - Встроенная память (Мб) : 32000</li>\r\n</ul>\r\n</div>', '1', '0', '0', '0', 22000, '2012-09-22', ''),
(23, 'Nokia 6700c-1 chrome', 'Ключевики', 'Описание', 'phone-index.jpg', 14, '<p>Футуристичный смартфон Sony Xperia S под управлением ОС Android 2.3 Gingerbread с возможностью обновления до версии 4.0 Ice Cream Sandwich – первый из серии Xperia NXT, линейки смартфонов нового поколения.</p> \r\n\r\n<p>В нем объединились новейшие технологии и лучшие разработки Sony, достойный функционал и минималистичный дизайн.</p>', '<p>Футуристичный смартфон Sony Xperia S под управлением ОС Android 2.3 Gingerbread с возможностью обновления до версии 4.0 Ice Cream Sandwich – первый из серии Xperia NXT, линейки смартфонов нового поколения. В нем объединились новейшие технологии и лучшие разработки Sony, достойный функционал и минималистичный дизайн.</p> \r\n\r\n<p>Высокая производительность. Мощный двухъядерный процессор 1,5 ГГц Qualcomm Snapdragon MSM8260 гарантирует быстродействие любых игр и приложений.\r\nПревосходное качество изображения. 4,3-дюймовый HD 1280*720p экран Reality Display с технологией Mobile BRAVIA Engine обеспечивает потрясающие впечатления от просмотра изображений и видео с высоким разрешением.</p>\r\n\r\n<p>Удобство подключения к другим устройствам. Беспроводная связь на малых расстояниях (NFC) позволяет легко обмениваться информацией с другими пользователями и открывает доступ к многочисленным NFC-приложениям и услугам. Xperia S можно подключить к телевизору посредством Wi-Fi, DLNA, HDMI, а также использовать BRAVIA Sync для управления смартфоном с пульта ДУ телевизора.</p>\r\n				\r\n				\r\n<div class="tech-harakt">\r\n					<h3>Технические характеристики</h3>\r\n\r\n<h4>Связь</h4>\r\n<ul>\r\n<li> - 3G  : Есть </li>\r\n<li> - EDGE  : Есть </li>\r\n<li> - Wi-Fi  : Есть (802.11 b/g/n)</li> \r\n</ul>\r\n\r\n<h4>Дисплей</h4>\r\n<ul>\r\n<li> - Тип дисплея  : TFT с LED подсветкой</li> \r\n<li> - Разрешение дисплея (пикс)  : 1280x720</li> \r\n<li> - Диагональ дисплея (дюйм)  : 4.3 </li>\r\n<li> - Сенсорный экран  : Есть </li>\r\n</ul>\r\n\r\n<h4>Система</h4>\r\n<ul>\r\n<li> - GPS-навигация  : Есть </li>\r\n<li> - Операционная система  : Android v2.3 </li>\r\n<li> - Частота проц. (МГц) : 1500 (Dual-core Qualcomm MSM8260 Snapdragon) </li>\r\n</ul>\r\n\r\n<h4>Мультимедиа</h4>\r\n<ul>\r\n<li> - Фотокамера : 12,1 Mпикс </li>\r\n<li> - Аудиоплеер : да </li>\r\n<li> - FM - радио : да </li>\r\n</ul>\r\n\r\n<h4>Корпус</h4>\r\n<ul>\r\n<li> - Тип корпуса : Классический </li>\r\n</ul>\r\n\r\n<h4>Память</h4>\r\n<ul>\r\n<li> - Встроенная память (Мб) : 32000</li>\r\n</ul>\r\n</div>', '1', '0', '1', '1', 23000, '2012-09-23', ''),
(24, 'Nokia X2-03 ocean blue', 'Ключевики', 'Описание', 'phone-index.jpg', 13, '<p>Футуристичный смартфон Sony Xperia S под управлением ОС Android 2.3 Gingerbread с возможностью обновления до версии 4.0 Ice Cream Sandwich – первый из серии Xperia NXT, линейки смартфонов нового поколения.</p> \r\n\r\n<p>В нем объединились новейшие технологии и лучшие разработки Sony, достойный функционал и минималистичный дизайн.</p>', '<p>Футуристичный смартфон Sony Xperia S под управлением ОС Android 2.3 Gingerbread с возможностью обновления до версии 4.0 Ice Cream Sandwich – первый из серии Xperia NXT, линейки смартфонов нового поколения. В нем объединились новейшие технологии и лучшие разработки Sony, достойный функционал и минималистичный дизайн.</p> \r\n\r\n<p>Высокая производительность. Мощный двухъядерный процессор 1,5 ГГц Qualcomm Snapdragon MSM8260 гарантирует быстродействие любых игр и приложений.\r\nПревосходное качество изображения. 4,3-дюймовый HD 1280*720p экран Reality Display с технологией Mobile BRAVIA Engine обеспечивает потрясающие впечатления от просмотра изображений и видео с высоким разрешением.</p>\r\n\r\n<p>Удобство подключения к другим устройствам. Беспроводная связь на малых расстояниях (NFC) позволяет легко обмениваться информацией с другими пользователями и открывает доступ к многочисленным NFC-приложениям и услугам. Xperia S можно подключить к телевизору посредством Wi-Fi, DLNA, HDMI, а также использовать BRAVIA Sync для управления смартфоном с пульта ДУ телевизора.</p>\r\n				\r\n				\r\n<div class="tech-harakt">\r\n					<h3>Технические характеристики</h3>\r\n\r\n<h4>Связь</h4>\r\n<ul>\r\n<li> - 3G  : Есть </li>\r\n<li> - EDGE  : Есть </li>\r\n<li> - Wi-Fi  : Есть (802.11 b/g/n)</li> \r\n</ul>\r\n\r\n<h4>Дисплей</h4>\r\n<ul>\r\n<li> - Тип дисплея  : TFT с LED подсветкой</li> \r\n<li> - Разрешение дисплея (пикс)  : 1280x720</li> \r\n<li> - Диагональ дисплея (дюйм)  : 4.3 </li>\r\n<li> - Сенсорный экран  : Есть </li>\r\n</ul>\r\n\r\n<h4>Система</h4>\r\n<ul>\r\n<li> - GPS-навигация  : Есть </li>\r\n<li> - Операционная система  : Android v2.3 </li>\r\n<li> - Частота проц. (МГц) : 1500 (Dual-core Qualcomm MSM8260 Snapdragon) </li>\r\n</ul>\r\n\r\n<h4>Мультимедиа</h4>\r\n<ul>\r\n<li> - Фотокамера : 12,1 Mпикс </li>\r\n<li> - Аудиоплеер : да </li>\r\n<li> - FM - радио : да </li>\r\n</ul>\r\n\r\n<h4>Корпус</h4>\r\n<ul>\r\n<li> - Тип корпуса : Классический </li>\r\n</ul>\r\n\r\n<h4>Память</h4>\r\n<ul>\r\n<li> - Встроенная память (Мб) : 32000</li>\r\n</ul>\r\n</div>', '1', '0', '0', '0', 24000, '2012-09-24', ''),
(25, 'Nokia 101', 'Ключевики', 'Описание', 'phone-index.jpg', 13, '<p>Футуристичный смартфон Sony Xperia S под управлением ОС Android 2.3 Gingerbread с возможностью обновления до версии 4.0 Ice Cream Sandwich – первый из серии Xperia NXT, линейки смартфонов нового поколения.</p> \r\n\r\n<p>В нем объединились новейшие технологии и лучшие разработки Sony, достойный функционал и минималистичный дизайн.</p>', '<p>Футуристичный смартфон Sony Xperia S под управлением ОС Android 2.3 Gingerbread с возможностью обновления до версии 4.0 Ice Cream Sandwich – первый из серии Xperia NXT, линейки смартфонов нового поколения. В нем объединились новейшие технологии и лучшие разработки Sony, достойный функционал и минималистичный дизайн.</p> \r\n\r\n<p>Высокая производительность. Мощный двухъядерный процессор 1,5 ГГц Qualcomm Snapdragon MSM8260 гарантирует быстродействие любых игр и приложений.\r\nПревосходное качество изображения. 4,3-дюймовый HD 1280*720p экран Reality Display с технологией Mobile BRAVIA Engine обеспечивает потрясающие впечатления от просмотра изображений и видео с высоким разрешением.</p>\r\n\r\n<p>Удобство подключения к другим устройствам. Беспроводная связь на малых расстояниях (NFC) позволяет легко обмениваться информацией с другими пользователями и открывает доступ к многочисленным NFC-приложениям и услугам. Xperia S можно подключить к телевизору посредством Wi-Fi, DLNA, HDMI, а также использовать BRAVIA Sync для управления смартфоном с пульта ДУ телевизора.</p>\r\n				\r\n				\r\n<div class="tech-harakt">\r\n					<h3>Технические характеристики</h3>\r\n\r\n<h4>Связь</h4>\r\n<ul>\r\n<li> - 3G  : Есть </li>\r\n<li> - EDGE  : Есть </li>\r\n<li> - Wi-Fi  : Есть (802.11 b/g/n)</li> \r\n</ul>\r\n\r\n<h4>Дисплей</h4>\r\n<ul>\r\n<li> - Тип дисплея  : TFT с LED подсветкой</li> \r\n<li> - Разрешение дисплея (пикс)  : 1280x720</li> \r\n<li> - Диагональ дисплея (дюйм)  : 4.3 </li>\r\n<li> - Сенсорный экран  : Есть </li>\r\n</ul>\r\n\r\n<h4>Система</h4>\r\n<ul>\r\n<li> - GPS-навигация  : Есть </li>\r\n<li> - Операционная система  : Android v2.3 </li>\r\n<li> - Частота проц. (МГц) : 1500 (Dual-core Qualcomm MSM8260 Snapdragon) </li>\r\n</ul>\r\n\r\n<h4>Мультимедиа</h4>\r\n<ul>\r\n<li> - Фотокамера : 12,1 Mпикс </li>\r\n<li> - Аудиоплеер : да </li>\r\n<li> - FM - радио : да </li>\r\n</ul>\r\n\r\n<h4>Корпус</h4>\r\n<ul>\r\n<li> - Тип корпуса : Классический </li>\r\n</ul>\r\n\r\n<h4>Память</h4>\r\n<ul>\r\n<li> - Встроенная память (Мб) : 32000</li>\r\n</ul>\r\n</div>', '1', '1', '0', '1', 25000, '2012-09-25', ''),
(26, 'Nokia X2-03 dark silver', 'Ключевики', 'Описание', 'phone-index.jpg', 14, '<p>Футуристичный смартфон Sony Xperia S под управлением ОС Android 2.3 Gingerbread с возможностью обновления до версии 4.0 Ice Cream Sandwich – первый из серии Xperia NXT, линейки смартфонов нового поколения.</p> \r\n\r\n<p>В нем объединились новейшие технологии и лучшие разработки Sony, достойный функционал и минималистичный дизайн.</p>', '<p>Футуристичный смартфон Sony Xperia S под управлением ОС Android 2.3 Gingerbread с возможностью обновления до версии 4.0 Ice Cream Sandwich – первый из серии Xperia NXT, линейки смартфонов нового поколения. В нем объединились новейшие технологии и лучшие разработки Sony, достойный функционал и минималистичный дизайн.</p> \r\n\r\n<p>Высокая производительность. Мощный двухъядерный процессор 1,5 ГГц Qualcomm Snapdragon MSM8260 гарантирует быстродействие любых игр и приложений.\r\nПревосходное качество изображения. 4,3-дюймовый HD 1280*720p экран Reality Display с технологией Mobile BRAVIA Engine обеспечивает потрясающие впечатления от просмотра изображений и видео с высоким разрешением.</p>\r\n\r\n<p>Удобство подключения к другим устройствам. Беспроводная связь на малых расстояниях (NFC) позволяет легко обмениваться информацией с другими пользователями и открывает доступ к многочисленным NFC-приложениям и услугам. Xperia S можно подключить к телевизору посредством Wi-Fi, DLNA, HDMI, а также использовать BRAVIA Sync для управления смартфоном с пульта ДУ телевизора.</p>\r\n				\r\n				\r\n<div class="tech-harakt">\r\n					<h3>Технические характеристики</h3>\r\n\r\n<h4>Связь</h4>\r\n<ul>\r\n<li> - 3G  : Есть </li>\r\n<li> - EDGE  : Есть </li>\r\n<li> - Wi-Fi  : Есть (802.11 b/g/n)</li> \r\n</ul>\r\n\r\n<h4>Дисплей</h4>\r\n<ul>\r\n<li> - Тип дисплея  : TFT с LED подсветкой</li> \r\n<li> - Разрешение дисплея (пикс)  : 1280x720</li> \r\n<li> - Диагональ дисплея (дюйм)  : 4.3 </li>\r\n<li> - Сенсорный экран  : Есть </li>\r\n</ul>\r\n\r\n<h4>Система</h4>\r\n<ul>\r\n<li> - GPS-навигация  : Есть </li>\r\n<li> - Операционная система  : Android v2.3 </li>\r\n<li> - Частота проц. (МГц) : 1500 (Dual-core Qualcomm MSM8260 Snapdragon) </li>\r\n</ul>\r\n\r\n<h4>Мультимедиа</h4>\r\n<ul>\r\n<li> - Фотокамера : 12,1 Mпикс </li>\r\n<li> - Аудиоплеер : да </li>\r\n<li> - FM - радио : да </li>\r\n</ul>\r\n\r\n<h4>Корпус</h4>\r\n<ul>\r\n<li> - Тип корпуса : Классический </li>\r\n</ul>\r\n\r\n<h4>Память</h4>\r\n<ul>\r\n<li> - Встроенная память (Мб) : 32000</li>\r\n</ul>\r\n</div>', '1', '1', '1', '1', 26000, '2012-09-26', '');
INSERT INTO `goods` (`goods_id`, `name`, `keywords`, `description`, `img`, `goods_brandid`, `anons`, `content`, `visible`, `hits`, `new`, `sale`, `price`, `date`, `img_slide`) VALUES
(27, 'Nokia 112 White', 'Ключевики', 'Описание', 'phone-index.jpg', 13, '<p>Футуристичный смартфон Sony Xperia S под управлением ОС Android 2.3 Gingerbread с возможностью обновления до версии 4.0 Ice Cream Sandwich – первый из серии Xperia NXT, линейки смартфонов нового поколения.</p> \r\n\r\n<p>В нем объединились новейшие технологии и лучшие разработки Sony, достойный функционал и минималистичный дизайн.</p>', '<p>Футуристичный смартфон Sony Xperia S под управлением ОС Android 2.3 Gingerbread с возможностью обновления до версии 4.0 Ice Cream Sandwich – первый из серии Xperia NXT, линейки смартфонов нового поколения. В нем объединились новейшие технологии и лучшие разработки Sony, достойный функционал и минималистичный дизайн.</p> \r\n\r\n<p>Высокая производительность. Мощный двухъядерный процессор 1,5 ГГц Qualcomm Snapdragon MSM8260 гарантирует быстродействие любых игр и приложений.\r\nПревосходное качество изображения. 4,3-дюймовый HD 1280*720p экран Reality Display с технологией Mobile BRAVIA Engine обеспечивает потрясающие впечатления от просмотра изображений и видео с высоким разрешением.</p>\r\n\r\n<p>Удобство подключения к другим устройствам. Беспроводная связь на малых расстояниях (NFC) позволяет легко обмениваться информацией с другими пользователями и открывает доступ к многочисленным NFC-приложениям и услугам. Xperia S можно подключить к телевизору посредством Wi-Fi, DLNA, HDMI, а также использовать BRAVIA Sync для управления смартфоном с пульта ДУ телевизора.</p>\r\n				\r\n				\r\n<div class="tech-harakt">\r\n					<h3>Технические характеристики</h3>\r\n\r\n<h4>Связь</h4>\r\n<ul>\r\n<li> - 3G  : Есть </li>\r\n<li> - EDGE  : Есть </li>\r\n<li> - Wi-Fi  : Есть (802.11 b/g/n)</li> \r\n</ul>\r\n\r\n<h4>Дисплей</h4>\r\n<ul>\r\n<li> - Тип дисплея  : TFT с LED подсветкой</li> \r\n<li> - Разрешение дисплея (пикс)  : 1280x720</li> \r\n<li> - Диагональ дисплея (дюйм)  : 4.3 </li>\r\n<li> - Сенсорный экран  : Есть </li>\r\n</ul>\r\n\r\n<h4>Система</h4>\r\n<ul>\r\n<li> - GPS-навигация  : Есть </li>\r\n<li> - Операционная система  : Android v2.3 </li>\r\n<li> - Частота проц. (МГц) : 1500 (Dual-core Qualcomm MSM8260 Snapdragon) </li>\r\n</ul>\r\n\r\n<h4>Мультимедиа</h4>\r\n<ul>\r\n<li> - Фотокамера : 12,1 Mпикс </li>\r\n<li> - Аудиоплеер : да </li>\r\n<li> - FM - радио : да </li>\r\n</ul>\r\n\r\n<h4>Корпус</h4>\r\n<ul>\r\n<li> - Тип корпуса : Классический </li>\r\n</ul>\r\n\r\n<h4>Память</h4>\r\n<ul>\r\n<li> - Встроенная память (Мб) : 32000</li>\r\n</ul>\r\n</div>', '1', '0', '0', '1', 27000, '2012-09-27', ''),
(28, 'Nokia Asha 305 Red', 'Ключевики', 'Описание', 'phone-index.jpg', 13, '<p>Футуристичный смартфон Sony Xperia S под управлением ОС Android 2.3 Gingerbread с возможностью обновления до версии 4.0 Ice Cream Sandwich – первый из серии Xperia NXT, линейки смартфонов нового поколения.</p> \r\n\r\n<p>В нем объединились новейшие технологии и лучшие разработки Sony, достойный функционал и минималистичный дизайн.</p>', '<p>Футуристичный смартфон Sony Xperia S под управлением ОС Android 2.3 Gingerbread с возможностью обновления до версии 4.0 Ice Cream Sandwich – первый из серии Xperia NXT, линейки смартфонов нового поколения. В нем объединились новейшие технологии и лучшие разработки Sony, достойный функционал и минималистичный дизайн.</p> \r\n\r\n<p>Высокая производительность. Мощный двухъядерный процессор 1,5 ГГц Qualcomm Snapdragon MSM8260 гарантирует быстродействие любых игр и приложений.\r\nПревосходное качество изображения. 4,3-дюймовый HD 1280*720p экран Reality Display с технологией Mobile BRAVIA Engine обеспечивает потрясающие впечатления от просмотра изображений и видео с высоким разрешением.</p>\r\n\r\n<p>Удобство подключения к другим устройствам. Беспроводная связь на малых расстояниях (NFC) позволяет легко обмениваться информацией с другими пользователями и открывает доступ к многочисленным NFC-приложениям и услугам. Xperia S можно подключить к телевизору посредством Wi-Fi, DLNA, HDMI, а также использовать BRAVIA Sync для управления смартфоном с пульта ДУ телевизора.</p>\r\n				\r\n				\r\n<div class="tech-harakt">\r\n					<h3>Технические характеристики</h3>\r\n\r\n<h4>Связь</h4>\r\n<ul>\r\n<li> - 3G  : Есть </li>\r\n<li> - EDGE  : Есть </li>\r\n<li> - Wi-Fi  : Есть (802.11 b/g/n)</li> \r\n</ul>\r\n\r\n<h4>Дисплей</h4>\r\n<ul>\r\n<li> - Тип дисплея  : TFT с LED подсветкой</li> \r\n<li> - Разрешение дисплея (пикс)  : 1280x720</li> \r\n<li> - Диагональ дисплея (дюйм)  : 4.3 </li>\r\n<li> - Сенсорный экран  : Есть </li>\r\n</ul>\r\n\r\n<h4>Система</h4>\r\n<ul>\r\n<li> - GPS-навигация  : Есть </li>\r\n<li> - Операционная система  : Android v2.3 </li>\r\n<li> - Частота проц. (МГц) : 1500 (Dual-core Qualcomm MSM8260 Snapdragon) </li>\r\n</ul>\r\n\r\n<h4>Мультимедиа</h4>\r\n<ul>\r\n<li> - Фотокамера : 12,1 Mпикс </li>\r\n<li> - Аудиоплеер : да </li>\r\n<li> - FM - радио : да </li>\r\n</ul>\r\n\r\n<h4>Корпус</h4>\r\n<ul>\r\n<li> - Тип корпуса : Классический </li>\r\n</ul>\r\n\r\n<h4>Память</h4>\r\n<ul>\r\n<li> - Встроенная память (Мб) : 32000</li>\r\n</ul>\r\n</div>', '1', '0', '0', '0', 28000, '2012-09-28', ''),
(29, 'Nokia C3-00 ', 'Ключевики', 'Описание', 'phone-index.jpg', 14, '<p>Футуристичный смартфон Sony Xperia S под управлением ОС Android 2.3 Gingerbread с возможностью обновления до версии 4.0 Ice Cream Sandwich – первый из серии Xperia NXT, линейки смартфонов нового поколения.</p> \r\n\r\n<p>В нем объединились новейшие технологии и лучшие разработки Sony, достойный функционал и минималистичный дизайн.</p>', '<p>Футуристичный смартфон Sony Xperia S под управлением ОС Android 2.3 Gingerbread с возможностью обновления до версии 4.0 Ice Cream Sandwich – первый из серии Xperia NXT, линейки смартфонов нового поколения. В нем объединились новейшие технологии и лучшие разработки Sony, достойный функционал и минималистичный дизайн.</p> \r\n\r\n<p>Высокая производительность. Мощный двухъядерный процессор 1,5 ГГц Qualcomm Snapdragon MSM8260 гарантирует быстродействие любых игр и приложений.\r\nПревосходное качество изображения. 4,3-дюймовый HD 1280*720p экран Reality Display с технологией Mobile BRAVIA Engine обеспечивает потрясающие впечатления от просмотра изображений и видео с высоким разрешением.</p>\r\n\r\n<p>Удобство подключения к другим устройствам. Беспроводная связь на малых расстояниях (NFC) позволяет легко обмениваться информацией с другими пользователями и открывает доступ к многочисленным NFC-приложениям и услугам. Xperia S можно подключить к телевизору посредством Wi-Fi, DLNA, HDMI, а также использовать BRAVIA Sync для управления смартфоном с пульта ДУ телевизора.</p>\r\n				\r\n				\r\n<div class="tech-harakt">\r\n					<h3>Технические характеристики</h3>\r\n\r\n<h4>Связь</h4>\r\n<ul>\r\n<li> - 3G  : Есть </li>\r\n<li> - EDGE  : Есть </li>\r\n<li> - Wi-Fi  : Есть (802.11 b/g/n)</li> \r\n</ul>\r\n\r\n<h4>Дисплей</h4>\r\n<ul>\r\n<li> - Тип дисплея  : TFT с LED подсветкой</li> \r\n<li> - Разрешение дисплея (пикс)  : 1280x720</li> \r\n<li> - Диагональ дисплея (дюйм)  : 4.3 </li>\r\n<li> - Сенсорный экран  : Есть </li>\r\n</ul>\r\n\r\n<h4>Система</h4>\r\n<ul>\r\n<li> - GPS-навигация  : Есть </li>\r\n<li> - Операционная система  : Android v2.3 </li>\r\n<li> - Частота проц. (МГц) : 1500 (Dual-core Qualcomm MSM8260 Snapdragon) </li>\r\n</ul>\r\n\r\n<h4>Мультимедиа</h4>\r\n<ul>\r\n<li> - Фотокамера : 12,1 Mпикс </li>\r\n<li> - Аудиоплеер : да </li>\r\n<li> - FM - радио : да </li>\r\n</ul>\r\n\r\n<h4>Корпус</h4>\r\n<ul>\r\n<li> - Тип корпуса : Классический </li>\r\n</ul>\r\n\r\n<h4>Память</h4>\r\n<ul>\r\n<li> - Встроенная память (Мб) : 32000</li>\r\n</ul>\r\n</div>', '1', '0', '1', '0', 29000, '2012-09-29', ''),
(30, 'Nokia C3-01.5 silver', 'Ключевики', 'Описание', 'phone-index.jpg', 14, '<p>Футуристичный смартфон Sony Xperia S под управлением ОС Android 2.3 Gingerbread с возможностью обновления до версии 4.0 Ice Cream Sandwich – первый из серии Xperia NXT, линейки смартфонов нового поколения.</p> \r\n\r\n<p>В нем объединились новейшие технологии и лучшие разработки Sony, достойный функционал и минималистичный дизайн.</p>', '<p>Футуристичный смартфон Sony Xperia S под управлением ОС Android 2.3 Gingerbread с возможностью обновления до версии 4.0 Ice Cream Sandwich – первый из серии Xperia NXT, линейки смартфонов нового поколения. В нем объединились новейшие технологии и лучшие разработки Sony, достойный функционал и минималистичный дизайн.</p> \r\n\r\n<p>Высокая производительность. Мощный двухъядерный процессор 1,5 ГГц Qualcomm Snapdragon MSM8260 гарантирует быстродействие любых игр и приложений.\r\nПревосходное качество изображения. 4,3-дюймовый HD 1280*720p экран Reality Display с технологией Mobile BRAVIA Engine обеспечивает потрясающие впечатления от просмотра изображений и видео с высоким разрешением.</p>\r\n\r\n<p>Удобство подключения к другим устройствам. Беспроводная связь на малых расстояниях (NFC) позволяет легко обмениваться информацией с другими пользователями и открывает доступ к многочисленным NFC-приложениям и услугам. Xperia S можно подключить к телевизору посредством Wi-Fi, DLNA, HDMI, а также использовать BRAVIA Sync для управления смартфоном с пульта ДУ телевизора.</p>\r\n				\r\n				\r\n<div class="tech-harakt">\r\n					<h3>Технические характеристики</h3>\r\n\r\n<h4>Связь</h4>\r\n<ul>\r\n<li> - 3G  : Есть </li>\r\n<li> - EDGE  : Есть </li>\r\n<li> - Wi-Fi  : Есть (802.11 b/g/n)</li> \r\n</ul>\r\n\r\n<h4>Дисплей</h4>\r\n<ul>\r\n<li> - Тип дисплея  : TFT с LED подсветкой</li> \r\n<li> - Разрешение дисплея (пикс)  : 1280x720</li> \r\n<li> - Диагональ дисплея (дюйм)  : 4.3 </li>\r\n<li> - Сенсорный экран  : Есть </li>\r\n</ul>\r\n\r\n<h4>Система</h4>\r\n<ul>\r\n<li> - GPS-навигация  : Есть </li>\r\n<li> - Операционная система  : Android v2.3 </li>\r\n<li> - Частота проц. (МГц) : 1500 (Dual-core Qualcomm MSM8260 Snapdragon) </li>\r\n</ul>\r\n\r\n<h4>Мультимедиа</h4>\r\n<ul>\r\n<li> - Фотокамера : 12,1 Mпикс </li>\r\n<li> - Аудиоплеер : да </li>\r\n<li> - FM - радио : да </li>\r\n</ul>\r\n\r\n<h4>Корпус</h4>\r\n<ul>\r\n<li> - Тип корпуса : Классический </li>\r\n</ul>\r\n\r\n<h4>Память</h4>\r\n<ul>\r\n<li> - Встроенная память (Мб) : 32000</li>\r\n</ul>\r\n</div>', '1', '0', '1', '0', 30000, '2012-09-30', ''),
(31, 'Nokia Asha 305 Silver White', 'Ключевики', 'Описание', 'phone-index.jpg', 13, '<p>Футуристичный смартфон Sony Xperia S под управлением ОС Android 2.3 Gingerbread с возможностью обновления до версии 4.0 Ice Cream Sandwich – первый из серии Xperia NXT, линейки смартфонов нового поколения.</p> \r\n\r\n<p>В нем объединились новейшие технологии и лучшие разработки Sony, достойный функционал и минималистичный дизайн.</p>', '<p>Футуристичный смартфон Sony Xperia S под управлением ОС Android 2.3 Gingerbread с возможностью обновления до версии 4.0 Ice Cream Sandwich – первый из серии Xperia NXT, линейки смартфонов нового поколения. В нем объединились новейшие технологии и лучшие разработки Sony, достойный функционал и минималистичный дизайн.</p> \r\n\r\n<p>Высокая производительность. Мощный двухъядерный процессор 1,5 ГГц Qualcomm Snapdragon MSM8260 гарантирует быстродействие любых игр и приложений.\r\nПревосходное качество изображения. 4,3-дюймовый HD 1280*720p экран Reality Display с технологией Mobile BRAVIA Engine обеспечивает потрясающие впечатления от просмотра изображений и видео с высоким разрешением.</p>\r\n\r\n<p>Удобство подключения к другим устройствам. Беспроводная связь на малых расстояниях (NFC) позволяет легко обмениваться информацией с другими пользователями и открывает доступ к многочисленным NFC-приложениям и услугам. Xperia S можно подключить к телевизору посредством Wi-Fi, DLNA, HDMI, а также использовать BRAVIA Sync для управления смартфоном с пульта ДУ телевизора.</p>\r\n				\r\n				\r\n<div class="tech-harakt">\r\n					<h3>Технические характеристики</h3>\r\n\r\n<h4>Связь</h4>\r\n<ul>\r\n<li> - 3G  : Есть </li>\r\n<li> - EDGE  : Есть </li>\r\n<li> - Wi-Fi  : Есть (802.11 b/g/n)</li> \r\n</ul>\r\n\r\n<h4>Дисплей</h4>\r\n<ul>\r\n<li> - Тип дисплея  : TFT с LED подсветкой</li> \r\n<li> - Разрешение дисплея (пикс)  : 1280x720</li> \r\n<li> - Диагональ дисплея (дюйм)  : 4.3 </li>\r\n<li> - Сенсорный экран  : Есть </li>\r\n</ul>\r\n\r\n<h4>Система</h4>\r\n<ul>\r\n<li> - GPS-навигация  : Есть </li>\r\n<li> - Операционная система  : Android v2.3 </li>\r\n<li> - Частота проц. (МГц) : 1500 (Dual-core Qualcomm MSM8260 Snapdragon) </li>\r\n</ul>\r\n\r\n<h4>Мультимедиа</h4>\r\n<ul>\r\n<li> - Фотокамера : 12,1 Mпикс </li>\r\n<li> - Аудиоплеер : да </li>\r\n<li> - FM - радио : да </li>\r\n</ul>\r\n\r\n<h4>Корпус</h4>\r\n<ul>\r\n<li> - Тип корпуса : Классический </li>\r\n</ul>\r\n\r\n<h4>Память</h4>\r\n<ul>\r\n<li> - Встроенная память (Мб) : 32000</li>\r\n</ul>\r\n</div>', '1', '0', '1', '0', 31000, '2012-10-01', ''),
(32, 'Nokia Asha 200 Green', 'Ключевики', 'Описание', 'phone-index.jpg', 13, '<p>Футуристичный смартфон Sony Xperia S под управлением ОС Android 2.3 Gingerbread с возможностью обновления до версии 4.0 Ice Cream Sandwich – первый из серии Xperia NXT, линейки смартфонов нового поколения.</p> \r\n\r\n<p>В нем объединились новейшие технологии и лучшие разработки Sony, достойный функционал и минималистичный дизайн.</p>', '<p>Футуристичный смартфон Sony Xperia S под управлением ОС Android 2.3 Gingerbread с возможностью обновления до версии 4.0 Ice Cream Sandwich – первый из серии Xperia NXT, линейки смартфонов нового поколения. В нем объединились новейшие технологии и лучшие разработки Sony, достойный функционал и минималистичный дизайн.</p> \r\n\r\n<p>Высокая производительность. Мощный двухъядерный процессор 1,5 ГГц Qualcomm Snapdragon MSM8260 гарантирует быстродействие любых игр и приложений.\r\nПревосходное качество изображения. 4,3-дюймовый HD 1280*720p экран Reality Display с технологией Mobile BRAVIA Engine обеспечивает потрясающие впечатления от просмотра изображений и видео с высоким разрешением.</p>\r\n\r\n<p>Удобство подключения к другим устройствам. Беспроводная связь на малых расстояниях (NFC) позволяет легко обмениваться информацией с другими пользователями и открывает доступ к многочисленным NFC-приложениям и услугам. Xperia S можно подключить к телевизору посредством Wi-Fi, DLNA, HDMI, а также использовать BRAVIA Sync для управления смартфоном с пульта ДУ телевизора.</p>\r\n				\r\n				\r\n<div class="tech-harakt">\r\n					<h3>Технические характеристики</h3>\r\n\r\n<h4>Связь</h4>\r\n<ul>\r\n<li> - 3G  : Есть </li>\r\n<li> - EDGE  : Есть </li>\r\n<li> - Wi-Fi  : Есть (802.11 b/g/n)</li> \r\n</ul>\r\n\r\n<h4>Дисплей</h4>\r\n<ul>\r\n<li> - Тип дисплея  : TFT с LED подсветкой</li> \r\n<li> - Разрешение дисплея (пикс)  : 1280x720</li> \r\n<li> - Диагональ дисплея (дюйм)  : 4.3 </li>\r\n<li> - Сенсорный экран  : Есть </li>\r\n</ul>\r\n\r\n<h4>Система</h4>\r\n<ul>\r\n<li> - GPS-навигация  : Есть </li>\r\n<li> - Операционная система  : Android v2.3 </li>\r\n<li> - Частота проц. (МГц) : 1500 (Dual-core Qualcomm MSM8260 Snapdragon) </li>\r\n</ul>\r\n\r\n<h4>Мультимедиа</h4>\r\n<ul>\r\n<li> - Фотокамера : 12,1 Mпикс </li>\r\n<li> - Аудиоплеер : да </li>\r\n<li> - FM - радио : да </li>\r\n</ul>\r\n\r\n<h4>Корпус</h4>\r\n<ul>\r\n<li> - Тип корпуса : Классический </li>\r\n</ul>\r\n\r\n<h4>Память</h4>\r\n<ul>\r\n<li> - Встроенная память (Мб) : 32000</li>\r\n</ul>\r\n</div>', '1', '0', '1', '0', 32000, '2012-10-02', ''),
(33, 'Nokia X2-02 ocean blue', 'Ключевики', 'Описание', 'phone-index.jpg', 13, '<p>Футуристичный смартфон Sony Xperia S под управлением ОС Android 2.3 Gingerbread с возможностью обновления до версии 4.0 Ice Cream Sandwich – первый из серии Xperia NXT, линейки смартфонов нового поколения.</p> \r\n\r\n<p>В нем объединились новейшие технологии и лучшие разработки Sony, достойный функционал и минималистичный дизайн.</p>', '<p>Футуристичный смартфон Sony Xperia S под управлением ОС Android 2.3 Gingerbread с возможностью обновления до версии 4.0 Ice Cream Sandwich – первый из серии Xperia NXT, линейки смартфонов нового поколения. В нем объединились новейшие технологии и лучшие разработки Sony, достойный функционал и минималистичный дизайн.</p> \r\n\r\n<p>Высокая производительность. Мощный двухъядерный процессор 1,5 ГГц Qualcomm Snapdragon MSM8260 гарантирует быстродействие любых игр и приложений.\r\nПревосходное качество изображения. 4,3-дюймовый HD 1280*720p экран Reality Display с технологией Mobile BRAVIA Engine обеспечивает потрясающие впечатления от просмотра изображений и видео с высоким разрешением.</p>\r\n\r\n<p>Удобство подключения к другим устройствам. Беспроводная связь на малых расстояниях (NFC) позволяет легко обмениваться информацией с другими пользователями и открывает доступ к многочисленным NFC-приложениям и услугам. Xperia S можно подключить к телевизору посредством Wi-Fi, DLNA, HDMI, а также использовать BRAVIA Sync для управления смартфоном с пульта ДУ телевизора.</p>\r\n				\r\n				\r\n<div class="tech-harakt">\r\n					<h3>Технические характеристики</h3>\r\n\r\n<h4>Связь</h4>\r\n<ul>\r\n<li> - 3G  : Есть </li>\r\n<li> - EDGE  : Есть </li>\r\n<li> - Wi-Fi  : Есть (802.11 b/g/n)</li> \r\n</ul>\r\n\r\n<h4>Дисплей</h4>\r\n<ul>\r\n<li> - Тип дисплея  : TFT с LED подсветкой</li> \r\n<li> - Разрешение дисплея (пикс)  : 1280x720</li> \r\n<li> - Диагональ дисплея (дюйм)  : 4.3 </li>\r\n<li> - Сенсорный экран  : Есть </li>\r\n</ul>\r\n\r\n<h4>Система</h4>\r\n<ul>\r\n<li> - GPS-навигация  : Есть </li>\r\n<li> - Операционная система  : Android v2.3 </li>\r\n<li> - Частота проц. (МГц) : 1500 (Dual-core Qualcomm MSM8260 Snapdragon) </li>\r\n</ul>\r\n\r\n<h4>Мультимедиа</h4>\r\n<ul>\r\n<li> - Фотокамера : 12,1 Mпикс </li>\r\n<li> - Аудиоплеер : да </li>\r\n<li> - FM - радио : да </li>\r\n</ul>\r\n\r\n<h4>Корпус</h4>\r\n<ul>\r\n<li> - Тип корпуса : Классический </li>\r\n</ul>\r\n\r\n<h4>Память</h4>\r\n<ul>\r\n<li> - Встроенная память (Мб) : 32000</li>\r\n</ul>\r\n</div>', '1', '1', '1', '0', 33000, '2012-10-03', ''),
(34, 'Nokia X1-01 red', 'Ключевики', 'Описание', 'phone-index.jpg', 13, '<p>Футуристичный смартфон Sony Xperia S под управлением ОС Android 2.3 Gingerbread с возможностью обновления до версии 4.0 Ice Cream Sandwich – первый из серии Xperia NXT, линейки смартфонов нового поколения.</p> \r\n\r\n<p>В нем объединились новейшие технологии и лучшие разработки Sony, достойный функционал и минималистичный дизайн.</p>', '<p>Футуристичный смартфон Sony Xperia S под управлением ОС Android 2.3 Gingerbread с возможностью обновления до версии 4.0 Ice Cream Sandwich – первый из серии Xperia NXT, линейки смартфонов нового поколения. В нем объединились новейшие технологии и лучшие разработки Sony, достойный функционал и минималистичный дизайн.</p> \r\n\r\n<p>Высокая производительность. Мощный двухъядерный процессор 1,5 ГГц Qualcomm Snapdragon MSM8260 гарантирует быстродействие любых игр и приложений.\r\nПревосходное качество изображения. 4,3-дюймовый HD 1280*720p экран Reality Display с технологией Mobile BRAVIA Engine обеспечивает потрясающие впечатления от просмотра изображений и видео с высоким разрешением.</p>\r\n\r\n<p>Удобство подключения к другим устройствам. Беспроводная связь на малых расстояниях (NFC) позволяет легко обмениваться информацией с другими пользователями и открывает доступ к многочисленным NFC-приложениям и услугам. Xperia S можно подключить к телевизору посредством Wi-Fi, DLNA, HDMI, а также использовать BRAVIA Sync для управления смартфоном с пульта ДУ телевизора.</p>\r\n				\r\n				\r\n<div class="tech-harakt">\r\n					<h3>Технические характеристики</h3>\r\n\r\n<h4>Связь</h4>\r\n<ul>\r\n<li> - 3G  : Есть </li>\r\n<li> - EDGE  : Есть </li>\r\n<li> - Wi-Fi  : Есть (802.11 b/g/n)</li> \r\n</ul>\r\n\r\n<h4>Дисплей</h4>\r\n<ul>\r\n<li> - Тип дисплея  : TFT с LED подсветкой</li> \r\n<li> - Разрешение дисплея (пикс)  : 1280x720</li> \r\n<li> - Диагональ дисплея (дюйм)  : 4.3 </li>\r\n<li> - Сенсорный экран  : Есть </li>\r\n</ul>\r\n\r\n<h4>Система</h4>\r\n<ul>\r\n<li> - GPS-навигация  : Есть </li>\r\n<li> - Операционная система  : Android v2.3 </li>\r\n<li> - Частота проц. (МГц) : 1500 (Dual-core Qualcomm MSM8260 Snapdragon) </li>\r\n</ul>\r\n\r\n<h4>Мультимедиа</h4>\r\n<ul>\r\n<li> - Фотокамера : 12,1 Mпикс </li>\r\n<li> - Аудиоплеер : да </li>\r\n<li> - FM - радио : да </li>\r\n</ul>\r\n\r\n<h4>Корпус</h4>\r\n<ul>\r\n<li> - Тип корпуса : Классический </li>\r\n</ul>\r\n\r\n<h4>Память</h4>\r\n<ul>\r\n<li> - Встроенная память (Мб) : 32000</li>\r\n</ul>\r\n</div>', '1', '0', '1', '1', 34000, '2012-10-04', ''),
(35, 'Nokia 1280', 'Ключевики', 'Описание', 'phone-index.jpg', 13, '<p>Футуристичный смартфон Sony Xperia S под управлением ОС Android 2.3 Gingerbread с возможностью обновления до версии 4.0 Ice Cream Sandwich – первый из серии Xperia NXT, линейки смартфонов нового поколения.</p> \r\n\r\n<p>В нем объединились новейшие технологии и лучшие разработки Sony, достойный функционал и минималистичный дизайн.</p>', '<p>Футуристичный смартфон Sony Xperia S под управлением ОС Android 2.3 Gingerbread с возможностью обновления до версии 4.0 Ice Cream Sandwich – первый из серии Xperia NXT, линейки смартфонов нового поколения. В нем объединились новейшие технологии и лучшие разработки Sony, достойный функционал и минималистичный дизайн.</p> \r\n\r\n<p>Высокая производительность. Мощный двухъядерный процессор 1,5 ГГц Qualcomm Snapdragon MSM8260 гарантирует быстродействие любых игр и приложений.\r\nПревосходное качество изображения. 4,3-дюймовый HD 1280*720p экран Reality Display с технологией Mobile BRAVIA Engine обеспечивает потрясающие впечатления от просмотра изображений и видео с высоким разрешением.</p>\r\n\r\n<p>Удобство подключения к другим устройствам. Беспроводная связь на малых расстояниях (NFC) позволяет легко обмениваться информацией с другими пользователями и открывает доступ к многочисленным NFC-приложениям и услугам. Xperia S можно подключить к телевизору посредством Wi-Fi, DLNA, HDMI, а также использовать BRAVIA Sync для управления смартфоном с пульта ДУ телевизора.</p>\r\n				\r\n				\r\n<div class="tech-harakt">\r\n					<h3>Технические характеристики</h3>\r\n\r\n<h4>Связь</h4>\r\n<ul>\r\n<li> - 3G  : Есть </li>\r\n<li> - EDGE  : Есть </li>\r\n<li> - Wi-Fi  : Есть (802.11 b/g/n)</li> \r\n</ul>\r\n\r\n<h4>Дисплей</h4>\r\n<ul>\r\n<li> - Тип дисплея  : TFT с LED подсветкой</li> \r\n<li> - Разрешение дисплея (пикс)  : 1280x720</li> \r\n<li> - Диагональ дисплея (дюйм)  : 4.3 </li>\r\n<li> - Сенсорный экран  : Есть </li>\r\n</ul>\r\n\r\n<h4>Система</h4>\r\n<ul>\r\n<li> - GPS-навигация  : Есть </li>\r\n<li> - Операционная система  : Android v2.3 </li>\r\n<li> - Частота проц. (МГц) : 1500 (Dual-core Qualcomm MSM8260 Snapdragon) </li>\r\n</ul>\r\n\r\n<h4>Мультимедиа</h4>\r\n<ul>\r\n<li> - Фотокамера : 12,1 Mпикс </li>\r\n<li> - Аудиоплеер : да </li>\r\n<li> - FM - радио : да </li>\r\n</ul>\r\n\r\n<h4>Корпус</h4>\r\n<ul>\r\n<li> - Тип корпуса : Классический </li>\r\n</ul>\r\n\r\n<h4>Память</h4>\r\n<ul>\r\n<li> - Встроенная память (Мб) : 32000</li>\r\n</ul>\r\n</div>', '1', '1', '1', '0', 35000, '2012-10-05', '');

-- --------------------------------------------------------

--
-- Table structure for table `informers`
--

CREATE TABLE IF NOT EXISTS `informers` (
  `informer_id` tinyint(3) unsigned NOT NULL AUTO_INCREMENT,
  `informer_name` varchar(255) NOT NULL,
  `informer_position` tinyint(3) unsigned NOT NULL DEFAULT '0',
  PRIMARY KEY (`informer_id`)
) ENGINE=MyISAM  DEFAULT CHARSET=utf8 AUTO_INCREMENT=5 ;

--
-- Dumping data for table `informers`
--

INSERT INTO `informers` (`informer_id`, `informer_name`, `informer_position`) VALUES
(1, 'Способы оплаты', 2),
(2, 'Доставка', 1),
(3, 'Информация для вас', 3),
(4, 'Тест', 0);

-- --------------------------------------------------------

--
-- Table structure for table `links`
--

CREATE TABLE IF NOT EXISTS `links` (
  `link_id` tinyint(3) unsigned NOT NULL AUTO_INCREMENT,
  `link_name` varchar(255) NOT NULL,
  `parent_informer` tinyint(3) unsigned NOT NULL,
  `links_position` tinyint(3) unsigned NOT NULL DEFAULT '0',
  `keywords` varchar(255) NOT NULL,
  `description` varchar(255) NOT NULL,
  `text` text NOT NULL,
  PRIMARY KEY (`link_id`)
) ENGINE=MyISAM  DEFAULT CHARSET=utf8 AUTO_INCREMENT=14 ;

--
-- Dumping data for table `links`
--

INSERT INTO `links` (`link_id`, `link_name`, `parent_informer`, `links_position`, `keywords`, `description`, `text`) VALUES
(1, 'Наличный расчет', 1, 1, 'Ключевики статьи наличный расчет', 'Описание статьи наличный расчет', 'Текст статьи наличный расчет'),
(2, 'Пластиковой картой', 1, 2, 'Ключевики статьи пластиковой картой', 'Описание статьи пластиковой картой', 'Текст статьи пластиковой картой'),
(3, 'Кредит', 1, 5, 'Ключевики статьи кредит', 'Описание статьи кредит', 'Текст статьи кредит'),
(4, 'Рассчитать кредит', 1, 4, 'Ключевики статьи рассчитать кредит', 'Описание статьи рассчитать кредит', 'Текст статьи рассчитать кредит'),
(5, 'Безналичный расчет', 1, 3, 'Ключевики статьи безналичный расчет', 'Описание статьи безналичный расчет', 'Текст статьи безналичный расчет'),
(6, 'Почта России', 2, 1, 'ключевики', 'описание', 'Текст почта России'),
(7, 'Курьерская служба', 2, 2, 'Ключевики', 'Описание', 'Текст курьерская служба'),
(8, 'Гарантия', 3, 1, 'Ключевики', 'Описание', 'Текст статьи гарантия'),
(9, 'Как выбрать телефон', 3, 2, 'Ключевики', 'Описание', 'Текст статьи как выбрать телефон'),
(10, 'Ремонт и обслуживание', 3, 3, 'Ключевики', 'Описание', 'Текст статьи Ремонт и обслуживание'),
(11, 'Акции и новинки', 3, 4, 'Ключевики', 'Описание', 'Текст статьи Акции и новинки'),
(12, 'Условия доставки', 3, 5, 'Ключевики', 'Описание', 'Текст статьи Акции и новинки'),
(13, 'Тестовый линк', 10, 0, 'Ключевики', 'Описание', 'Текст');

-- --------------------------------------------------------

--
-- Table structure for table `news`
--

CREATE TABLE IF NOT EXISTS `news` (
  `news_id` int(10) unsigned NOT NULL AUTO_INCREMENT,
  `title` varchar(255) NOT NULL,
  `anons` text NOT NULL,
  `text` text NOT NULL,
  `date` date NOT NULL,
  PRIMARY KEY (`news_id`)
) ENGINE=MyISAM DEFAULT CHARSET=utf8 AUTO_INCREMENT=1 ;

--
-- Dumping data for table `news`
--


-- --------------------------------------------------------

--
-- Table structure for table `orders`
--

CREATE TABLE IF NOT EXISTS `orders` (
  `order_id` int(10) unsigned NOT NULL AUTO_INCREMENT,
  `customer_id` int(10) unsigned NOT NULL,
  `date` datetime NOT NULL,
  `dostavka_id` tinyint(3) unsigned NOT NULL,
  `status` enum('0','1') NOT NULL DEFAULT '0',
  `prim` text NOT NULL,
  PRIMARY KEY (`order_id`)
) ENGINE=MyISAM  DEFAULT CHARSET=utf8 AUTO_INCREMENT=8 ;

--
-- Dumping data for table `orders`
--

INSERT INTO `orders` (`order_id`, `customer_id`, `date`, `dostavka_id`, `status`, `prim`) VALUES
(3, 12, '2012-10-06 13:25:00', 3, '0', 'Побыстрее, пожалуйста!'),
(4, 13, '2012-10-06 13:26:51', 1, '0', ''),
(5, 3, '2012-10-06 13:28:38', 1, '0', 'Я Сидоров Сидор Сидорович ;)'),
(6, 15, '2012-10-08 21:22:01', 1, '0', 'Просьба отправить побыстрее...'),
(7, 5, '2012-10-08 21:24:54', 1, '0', ')))');

-- --------------------------------------------------------

--
-- Table structure for table `pages`
--

CREATE TABLE IF NOT EXISTS `pages` (
  `page_id` tinyint(3) unsigned NOT NULL AUTO_INCREMENT,
  `title` varchar(255) NOT NULL,
  `keywords` varchar(255) NOT NULL,
  `description` varchar(255) NOT NULL,
  `position` tinyint(3) unsigned NOT NULL DEFAULT '0',
  `text` text NOT NULL,
  PRIMARY KEY (`page_id`)
) ENGINE=MyISAM DEFAULT CHARSET=utf8 AUTO_INCREMENT=1 ;

--
-- Dumping data for table `pages`
--


-- --------------------------------------------------------

--
-- Table structure for table `zakaz_tovar`
--

CREATE TABLE IF NOT EXISTS `zakaz_tovar` (
  `zakaz_tovar_id` int(10) unsigned NOT NULL AUTO_INCREMENT,
  `orders_id` int(10) unsigned NOT NULL,
  `goods_id` int(10) unsigned NOT NULL,
  `quantity` tinyint(3) unsigned NOT NULL,
  PRIMARY KEY (`zakaz_tovar_id`)
) ENGINE=MyISAM  DEFAULT CHARSET=utf8 AUTO_INCREMENT=13 ;

--
-- Dumping data for table `zakaz_tovar`
--

INSERT INTO `zakaz_tovar` (`zakaz_tovar_id`, `orders_id`, `goods_id`, `quantity`) VALUES
(4, 3, 11, 2),
(3, 3, 2, 1),
(5, 4, 3, 1),
(6, 5, 1, 1),
(7, 5, 10, 1),
(8, 6, 1, 1),
(9, 6, 12, 1),
(10, 6, 13, 2),
(11, 7, 11, 1),
(12, 7, 13, 1);
